2018-01-05 08:37:05.758486,1,1.0,21116043.02,21116043.02
2018-01-05 08:41:54.883751,-1,1.0,21207055.35,21207055.35
2018-01-05 08:45:34.047991,1,1.0,21355812.98,21355812.98
2018-01-05 08:50:56.025721,-1,1.0,21667202.87,21667202.87
2018-01-05 08:52:29.456307,1,1.0,21716438.64,21716438.64
2018-01-05 09:01:09.834462,-1,1.0,21491207.25,21491207.25
2018-01-05 09:04:41.914777,1,1.0,21213742.16,21213742.16
2018-01-05 09:09:47.701938,-1,1.0,21071674.51,21071674.51
2018-01-05 09:12:07.486031,1,1.0,21143099.42,21143099.42
2018-01-05 09:38:31.194787,-1,1.0,21294086.04,21294086.04
2018-01-05 10:19:16.650851,1,1.0,21456510.05,21456510.05
2018-01-05 10:22:48.725818,-1,1.0,21429301.27,21429301.27
2018-01-05 12:50:24.717650,1,1.0,21473908.23,21473908.23
2018-01-05 13:03:31.448850,-1,1.0,21436245.98,21436245.98
2018-01-05 13:18:43.103834,1,1.0,21551587.97,21551587.97
2018-01-05 13:34:29.792553,-1,1.0,21544347.66,21544347.66
2018-01-05 16:25:46.709095,1,1.0,21395334.96,21395334.96
2018-01-05 18:01:27.321792,-1,1.0,21736893.52,21736893.52
2018-01-05 18:03:33.111589,1,1.0,21894394.81,21894394.81
2018-01-05 18:13:13.592206,-1,1.0,22164862.08,22164862.08
2018-01-05 18:15:25.468145,1,1.0,22253906.11,22253906.11
2018-01-05 18:23:56.640490,-1,1.0,22307791.88,22307791.88
2018-01-05 18:24:09.514323,1,1.0,22286576.72,22286576.72
2018-01-05 18:40:23.337854,-1,1.0,22826571.16,22826571.16
2018-01-05 18:48:19.035698,1,1.0,22894498.76,22894498.76
2018-01-05 18:49:42.477346,-1,1.0,22788732.04,22788732.04
2018-01-05 18:50:59.806317,1,1.0,22749307.57,22749307.57
2018-01-05 18:59:24.938541,-1,1.0,22384843.04,22384843.04
2018-01-05 19:00:42.370031,1,1.0,22465326.11,22465326.11
2018-01-05 19:07:03.670022,-1,1.0,22330901.87,22330901.87
2018-01-05 19:09:08.374241,1,1.0,22645665.58,22645665.58
2018-01-05 19:12:21.442536,-1,1.0,22484623.31,22484623.31
2018-01-05 19:16:05.455121,1,1.0,22547619.69,22547619.69
2018-01-05 19:32:18.500880,-1,1.0,22804835.30,22804835.30
2018-01-05 19:34:13.141016,1,1.0,22987771.10,22987771.10
2018-01-05 19:36:35.042883,-1,1.0,23004513.92,23004513.92
2018-01-05 19:38:07.654624,1,1.0,23314837.28,23314837.28
2018-01-05 19:43:07.289065,-1,1.0,23644913.54,23644913.54
2018-01-05 19:44:41.804328,1,1.0,23779387.35,23779387.35
2018-01-05 19:45:25.372493,-1,1.0,23627740.50,23627740.50
2018-01-05 19:47:41.572466,1,1.0,23737102.38,23737102.38
2018-01-05 19:48:23.556161,-1,1.0,23706552.80,23706552.80
2018-01-05 19:50:14.066330,1,1.0,23949632.73,23949632.73
2018-01-05 19:52:06.506144,-1,1.0,23920183.82,23920183.82
2018-01-05 19:54:01.157344,1,1.0,24081730.32,24081730.32
2018-01-05 19:54:44.933035,-1,1.0,24136958.99,24136958.99
2018-01-05 19:55:53.924702,1,1.0,24255287.65,24255287.65
2018-01-05 19:56:28.828993,-1,1.0,24021396.42,24021396.42
2018-01-05 19:57:21.201444,1,1.0,23998987.51,23998987.51
2018-01-05 19:57:44.783074,-1,1.0,23699611.49,23699611.49
2018-01-05 19:58:11.310121,1,1.0,23669482.35,23669482.35
2018-01-05 19:58:37.568442,-1,1.0,23505360.79,23505360.79
2018-01-05 19:58:57.327119,1,1.0,23515414.74,23515414.74
2018-01-05 19:59:34.482888,-1,1.0,23917105.15,23917105.15
2018-01-05 20:07:38.260934,1,1.0,23518996.02,23518996.02
2018-01-05 20:10:25.197808,-1,1.0,23251109.27,23251109.27
2018-01-05 20:13:45.566267,1,1.0,23109476.47,23109476.47
2018-01-05 20:14:29.464132,-1,1.0,22896373.87,22896373.87
2018-01-05 20:17:27.801553,1,1.0,22841724.98,22841724.98
2018-01-05 20:18:05.055508,-1,1.0,22782419.18,22782419.18
2018-01-05 20:18:44.461697,1,1.0,23142590.28,23142590.28
2018-01-05 20:19:24.333120,-1,1.0,23066417.05,23066417.05
2018-01-05 20:19:51.142614,1,1.0,23248600.45,23248600.45
2018-01-05 20:20:23.343410,-1,1.0,23181778.44,23181778.44
2018-01-05 20:23:03.831204,1,1.0,22933122.51,22933122.51
2018-01-05 20:25:52.655095,-1,1.0,22760569.24,22760569.24
2018-01-05 20:37:50.348838,1,1.0,22469971.46,22469971.46
2018-01-05 20:48:07.290030,-1,1.0,22761932.76,22761932.76
2018-01-05 20:50:13.940148,1,1.0,22716436.31,22716436.31
2018-01-05 20:53:29.388501,-1,1.0,22540356.97,22540356.97
2018-01-05 20:53:55.902752,1,1.0,22604667.38,22604667.38
2018-01-05 21:08:20.819625,-1,1.0,22341600.05,22341600.05
2018-01-05 21:32:24.846869,1,1.0,21897514.72,21897514.72
2018-01-05 21:35:40.102004,-1,1.0,21917128.82,21917128.82
2018-01-05 21:37:16.052877,1,1.0,22175515.44,22175515.44
2018-01-05 21:47:12.725037,-1,1.0,22188941.39,22188941.39
2018-01-05 21:49:26.200099,1,1.0,21992218.20,21992218.20
2018-01-05 21:55:27.749483,-1,1.0,22187393.80,22187393.80
2018-01-05 22:03:16.822185,1,1.0,22103185.97,22103185.97
2018-01-05 22:15:46.283016,-1,1.0,22065172.23,22065172.23
2018-01-05 22:23:34.110597,1,1.0,22218113.52,22218113.52
2018-01-05 22:31:11.880627,-1,1.0,22456692.54,22456692.54
2018-01-05 22:32:33.214346,1,1.0,22423899.39,22423899.39
2018-01-05 22:35:51.385567,-1,1.0,22537233.71,22537233.71
2018-01-05 22:36:31.703392,1,1.0,22668059.21,22668059.21
2018-01-05 22:37:39.975186,-1,1.0,22608957.34,22608957.34
2018-01-05 23:02:04.845920,1,1.0,22291135.69,22291135.69
2018-01-05 23:07:25.822613,-1,1.0,22294577.49,22294577.49
2018-01-05 23:17:38.305879,1,1.0,22412081.86,22412081.86
2018-01-05 23:28:24.892463,-1,1.0,22481643.96,22481643.96
2018-01-05 23:38:05.010406,1,1.0,22990842.64,22990842.64
2018-01-05 23:39:41.214263,-1,1.0,22893587.57,22893587.57
2018-01-05 23:42:34.106059,1,1.0,22828908.19,22828908.19
2018-01-05 23:47:07.143786,-1,1.0,22759011.45,22759011.45
2018-01-05 23:47:29.385399,1,1.0,22795394.16,22795394.16
2018-01-05 23:54:24.991289,-1,1.0,22712183.20,22712183.20
2018-01-06 00:00:08.046953,1,1.0,22904018.30,22904018.30
2018-01-06 00:04:54.525465,-1,1.0,22672639.57,22672639.57
2018-01-06 00:14:32.529455,1,1.0,22454507.77,22454507.77
2018-01-06 00:54:34.386529,-1,1.0,22592073.59,22592073.59
2018-01-06 00:57:37.411082,1,1.0,22671191.46,22671191.46
2018-01-06 01:06:04.783177,-1,1.0,23025339.72,23025339.72
2018-01-06 01:07:50.064105,1,1.0,23293430.50,23293430.50
2018-01-06 01:10:39.882799,-1,1.0,23439492.29,23439492.29
2018-01-06 01:11:34.095467,1,1.0,23320599.95,23320599.95
2018-01-06 01:14:56.165251,-1,1.0,23475497.08,23475497.08
2018-01-06 01:17:11.902793,1,1.0,23603284.18,23603284.18
2018-01-06 01:21:03.243484,-1,1.0,23495379.95,23495379.95
2018-01-06 01:23:55.544264,1,1.0,23572658.83,23572658.83
2018-01-06 01:25:33.977670,-1,1.0,23435107.54,23435107.54
2018-01-06 01:27:04.350075,1,1.0,23589612.21,23589612.21
2018-01-06 01:30:32.018033,-1,1.0,23556879.13,23556879.13
2018-01-06 01:32:24.733817,1,1.0,23552716.83,23552716.83
2018-01-06 01:32:44.060206,-1,1.0,23578582.36,23578582.36
2018-01-06 01:40:07.907541,1,1.0,23877935.62,23877935.62
2018-01-06 01:43:57.513528,-1,1.0,23953022.99,23953022.99
2018-01-06 01:47:03.749105,1,1.0,23848361.48,23848361.48
2018-01-06 01:49:50.317776,-1,1.0,23619289.04,23619289.04
2018-01-06 01:50:23.887299,1,1.0,23638929.49,23638929.49
2018-01-06 01:52:24.140635,-1,1.0,23745348.20,23745348.20
2018-01-06 01:59:53.584548,1,1.0,23904357.21,23904357.21
2018-01-06 02:00:53.545963,-1,1.0,23911238.21,23911238.21
2018-01-06 02:10:36.647810,1,1.0,23989542.18,23989542.18
2018-01-06 02:14:10.688189,-1,1.0,23801671.22,23801671.22
2018-01-06 02:22:26.605231,1,1.0,24061482.01,24061482.01
2018-01-06 02:23:18.508797,-1,1.0,24134409.18,24134409.18
2018-01-06 02:25:01.792145,1,1.0,24279550.56,24279550.56
2018-01-06 02:25:21.744331,-1,1.0,24135286.11,24135286.11
2018-01-06 02:27:01.326480,1,1.0,24253577.64,24253577.64
2018-01-06 02:38:04.940839,-1,1.0,24937803.39,24937803.39
2018-01-06 02:40:10.748074,1,1.0,24452263.16,24452263.16
2018-01-06 02:40:50.850177,-1,1.0,24279032.38,24279032.38
2018-01-06 02:41:44.495620,1,1.0,24428325.66,24428325.66
2018-01-06 02:45:46.854097,-1,1.0,24543935.60,24543935.60
2018-01-06 02:47:58.960262,1,1.0,24676292.32,24676292.32
2018-01-06 02:48:50.720048,-1,1.0,24793064.87,24793064.87
2018-01-06 02:52:41.553387,1,1.0,24506620.99,24506620.99
2018-01-06 02:54:27.837294,-1,1.0,24597018.46,24597018.46
2018-01-06 02:55:01.730701,1,1.0,24611340.63,24611340.63
2018-01-06 02:59:30.130018,-1,1.0,24436589.64,24436589.64
2018-01-06 03:03:35.603911,1,1.0,24523407.22,24523407.22
2018-01-06 03:05:17.452656,-1,1.0,24416419.58,24416419.58
2018-01-06 03:09:39.078860,1,1.0,24610456.63,24610456.63
2018-01-06 03:13:24.241369,-1,1.0,24785565.18,24785565.18
2018-01-06 03:16:10.696174,1,1.0,24640681.79,24640681.79
2018-01-06 03:16:23.945178,-1,1.0,24570731.79,24570731.79
2018-01-06 03:16:56.735683,1,1.0,24642918.47,24642918.47
2018-01-06 03:20:07.138337,-1,1.0,24618373.87,24618373.87
2018-01-06 03:30:12.346663,1,1.0,24488866.89,24488866.89
2018-01-06 03:35:03.850224,-1,1.0,24533678.96,24533678.96
2018-01-06 03:42:03.344489,1,1.0,24263904.85,24263904.85
2018-01-06 03:44:44.562646,-1,1.0,24460687.31,24460687.31
2018-01-06 03:54:23.859162,1,1.0,24174011.00,24174011.00
2018-01-06 03:57:30.870828,-1,1.0,24104546.08,24104546.08
2018-01-06 04:02:08.036095,1,1.0,23887120.06,23887120.06
2018-01-06 04:12:04.670710,-1,1.0,24085784.18,24085784.18
2018-01-06 04:15:38.202330,1,1.0,23694115.34,23694115.34
2018-01-06 04:19:03.434066,-1,1.0,23911993.92,23911993.92
2018-01-06 04:20:50.293391,1,1.0,23682676.36,23682676.36
2018-01-06 04:23:51.287997,-1,1.0,23766983.50,23766983.50
2018-01-06 04:27:35.147478,1,1.0,24050704.33,24050704.33
2018-01-06 04:28:02.907016,-1,1.0,24072326.86,24072326.86
2018-01-06 04:31:01.945198,1,1.0,24064347.98,24064347.98
2018-01-06 04:31:33.955143,-1,1.0,24029076.82,24029076.82
2018-01-06 04:39:40.067240,1,1.0,24461681.20,24461681.20
2018-01-06 04:42:42.742943,-1,1.0,24568614.87,24568614.87
2018-01-06 04:54:00.749074,1,1.0,24158786.89,24158786.89
2018-01-06 04:56:15.522059,-1,1.0,24300787.80,24300787.80
2018-01-06 05:10:57.256832,1,1.0,24271569.80,24271569.80
2018-01-06 05:13:28.714006,-1,1.0,24279569.62,24279569.62
2018-01-06 05:28:28.639194,1,1.0,24235048.29,24235048.29
2018-01-06 05:32:07.351559,-1,1.0,24181888.21,24181888.21
2018-01-06 05:34:51.258480,1,1.0,24311122.60,24311122.60
2018-01-06 05:41:32.332852,-1,1.0,24254684.34,24254684.34
2018-01-06 05:49:54.905536,1,1.0,24549717.46,24549717.46
2018-01-06 05:51:26.346274,-1,1.0,24441426.17,24441426.17
2018-01-06 05:59:38.260127,1,1.0,24855688.42,24855688.42
2018-01-06 06:08:27.890365,-1,1.0,24924540.88,24924540.88
2018-01-06 06:13:14.713838,1,1.0,24907946.57,24907946.57
2018-01-06 06:17:38.130460,-1,1.0,24814507.36,24814507.36
2018-01-06 06:22:57.456079,1,1.0,24876046.60,24876046.60
2018-01-06 06:38:29.254979,-1,1.0,25113204.62,25113204.62
2018-01-06 06:39:21.616987,1,1.0,24906046.02,24906046.02
2018-01-06 06:39:51.712982,-1,1.0,24891200.85,24891200.85
2018-01-06 06:40:34.214947,1,1.0,24963120.07,24963120.07
2018-01-06 06:42:05.999210,-1,1.0,24999265.51,24999265.51
2018-01-06 06:44:59.162935,1,1.0,25153378.76,25153378.76
2018-01-06 06:45:53.872535,-1,1.0,25040289.81,25040289.81
2018-01-06 06:58:05.640043,1,1.0,24566614.58,24566614.58
2018-01-06 06:58:51.754449,-1,1.0,24574612.35,24574612.35
2018-01-06 07:02:32.440813,1,1.0,24401612.46,24401612.46
2018-01-06 07:06:40.001263,-1,1.0,24343862.89,24343862.89
2018-01-06 07:08:19.681429,1,1.0,24521220.95,24521220.95
2018-01-06 07:08:45.426250,-1,1.0,24346540.21,24346540.21
2018-01-06 07:10:02.628029,1,1.0,24463170.82,24463170.82
2018-01-06 07:11:56.261424,-1,1.0,24499561.14,24499561.14
2018-01-06 07:21:36.631653,1,1.0,24651486.84,24651486.84
2018-01-06 07:26:07.523954,-1,1.0,24852165.86,24852165.86
2018-01-06 07:33:32.598599,1,1.0,24963144.98,24963144.98
2018-01-06 07:37:04.642895,-1,1.0,25139906.02,25139906.02
2018-01-06 07:38:42.867430,1,1.0,25327724.20,25327724.20
2018-01-06 07:39:31.734077,-1,1.0,25415308.91,25415308.91
2018-01-06 07:40:08.212259,1,1.0,25248837.48,25248837.48
2018-01-06 07:42:43.157127,-1,1.0,25422490.73,25422490.73
2018-01-06 07:43:00.621735,1,1.0,25604814.52,25604814.52
2018-01-06 07:43:42.927465,-1,1.0,25446651.49,25446651.49
2018-01-06 07:44:02.326433,1,1.0,25323402.35,25323402.35
2018-01-06 07:45:24.982172,-1,1.0,25256901.19,25256901.19
2018-01-06 07:45:59.420959,1,1.0,25393288.85,25393288.85
2018-01-06 07:48:10.424248,-1,1.0,25114947.49,25114947.49
2018-01-06 07:49:29.961537,1,1.0,25106877.30,25106877.30
2018-01-06 07:53:17.137091,-1,1.0,25262693.04,25262693.04
2018-01-06 07:56:36.487839,1,1.0,25453644.49,25453644.49
2018-01-06 07:58:47.429024,-1,1.0,25395407.89,25395407.89
2018-01-06 08:00:44.602302,1,1.0,25781318.38,25781318.38
2018-01-06 08:01:29.710033,-1,1.0,25564972.12,25564972.12
2018-01-06 08:02:01.806685,1,1.0,25425070.41,25425070.41
2018-01-06 08:02:19.974878,-1,1.0,25464295.29,25464295.29
2018-01-06 08:02:26.543811,1,1.0,25456361.95,25456361.95
2018-01-06 08:04:07.390734,-1,1.0,25269380.36,25269380.36
2018-01-06 08:05:34.259181,1,1.0,25423494.58,25423494.58
2018-01-06 08:06:49.394111,-1,1.0,25287580.84,25287580.84
2018-01-06 08:08:05.693145,1,1.0,25382803.39,25382803.39
2018-01-06 08:17:00.293444,-1,1.0,25328387.40,25328387.40
2018-01-06 08:17:54.487513,1,1.0,25625039.09,25625039.09
2018-01-06 08:19:03.466292,-1,1.0,25416740.51,25416740.51
2018-01-06 08:21:13.131243,1,1.0,25696792.52,25696792.52
2018-01-06 08:22:10.900643,-1,1.0,25688070.57,25688070.57
2018-01-06 08:22:30.246435,1,1.0,25822352.92,25822352.92
2018-01-06 08:24:35.528973,-1,1.0,25766268.31,25766268.31
2018-01-06 08:26:45.194996,1,1.0,25717776.66,25717776.66
2018-01-06 08:31:16.652395,-1,1.0,25909395.78,25909395.78
2018-01-06 08:33:38.876965,1,1.0,25848017.36,25848017.36
2018-01-06 08:38:04.364555,-1,1.0,25709368.24,25709368.24
2018-01-06 08:45:22.092363,1,1.0,25297167.43,25297167.43
2018-01-06 08:46:46.161683,-1,1.0,25183630.72,25183630.72
2018-01-06 08:47:35.806373,1,1.0,25319721.69,25319721.69
2018-01-06 08:51:19.564473,-1,1.0,25338972.48,25338972.48
2018-01-06 08:54:40.644934,1,1.0,25178140.72,25178140.72
2018-01-06 08:57:39.839632,-1,1.0,25031533.97,25031533.97
2018-01-06 09:02:10.010238,1,1.0,25318476.88,25318476.88
2018-01-06 09:03:17.117751,-1,1.0,25288291.34,25288291.34
2018-01-06 09:05:10.634784,1,1.0,25125647.94,25125647.94
2018-01-06 09:07:23.656711,-1,1.0,24806117.09,24806117.09
2018-01-06 09:07:55.392832,1,1.0,24769699.10,24769699.10
2018-01-06 09:08:45.762577,-1,1.0,25040646.29,25040646.29
2018-01-06 09:09:05.103241,1,1.0,24970745.64,24970745.64
2018-01-06 09:09:11.583839,-1,1.0,24941705.60,24941705.60
2018-01-06 09:09:24.392061,1,1.0,24987215.93,24987215.93
2018-01-06 09:10:55.261598,-1,1.0,25099218.43,25099218.43
2018-01-06 09:16:25.560480,1,1.0,24888164.17,24888164.17
2018-01-06 09:18:44.378462,-1,1.0,24546026.67,24546026.67
2018-01-06 09:19:59.621740,1,1.0,24670465.17,24670465.17
2018-01-06 09:20:32.649205,-1,1.0,24620076.54,24620076.54
2018-01-06 09:21:17.600986,1,1.0,24592205.08,24592205.08
2018-01-06 09:22:09.142105,-1,1.0,24719318.36,24719318.36
2018-01-06 09:27:53.902969,1,1.0,24621564.70,24621564.70
2018-01-06 09:29:35.606870,-1,1.0,24456436.57,24456436.57
2018-01-06 09:30:53.275393,1,1.0,24400017.08,24400017.08
2018-01-06 09:32:21.217664,-1,1.0,24513002.74,24513002.74
2018-01-06 09:35:50.180276,1,1.0,24717010.78,24717010.78
2018-01-06 09:38:14.638243,-1,1.0,24865363.15,24865363.15
2018-01-06 09:39:02.102864,1,1.0,24798225.46,24798225.46
2018-01-06 09:40:11.275944,-1,1.0,24888261.21,24888261.21
2018-01-06 09:43:22.012513,1,1.0,25069574.55,25069574.55
2018-01-06 09:44:48.508364,-1,1.0,24883127.37,24883127.37
2018-01-06 09:46:45.305313,1,1.0,24837517.22,24837517.22
2018-01-06 09:48:56.773752,-1,1.0,24667129.23,24667129.23
2018-01-06 09:50:20.828992,1,1.0,24919774.24,24919774.24
2018-01-06 09:51:18.749352,-1,1.0,25021725.12,25021725.12
2018-01-06 09:51:37.390883,1,1.0,25168092.68,25168092.68
2018-01-06 09:52:01.239195,-1,1.0,24920561.08,24920561.08
2018-01-06 09:52:33.371530,1,1.0,25006888.83,25006888.83
2018-01-06 09:54:31.678251,-1,1.0,24959605.78,24959605.78
2018-01-06 09:58:13.260305,1,1.0,25270285.17,25270285.17
2018-01-06 09:58:40.193723,-1,1.0,25156405.92,25156405.92
2018-01-06 09:59:56.747323,1,1.0,25375052.03,25375052.03
2018-01-06 10:00:33.714027,-1,1.0,25258362.65,25258362.65
2018-01-06 10:06:25.183480,1,1.0,25133930.84,25133930.84
2018-01-06 10:10:18.264379,-1,1.0,25170219.46,25170219.46
2018-01-06 10:11:20.755839,1,1.0,25302384.66,25302384.66
2018-01-06 10:21:29.759039,-1,1.0,25618291.70,25618291.70
2018-01-06 10:22:31.593578,1,1.0,25579105.61,25579105.61
2018-01-06 10:24:18.498314,-1,1.0,25523465.44,25523465.44
2018-01-06 10:26:12.441295,1,1.0,25608430.00,25608430.00
2018-01-06 10:27:19.754468,-1,1.0,25645965.71,25645965.71
2018-01-06 10:33:27.240744,1,1.0,25309374.74,25309374.74
2018-01-06 10:39:53.508818,-1,1.0,25520332.48,25520332.48
2018-01-06 10:40:02.809325,1,1.0,25494444.59,25494444.59
2018-01-06 10:42:59.516750,-1,1.0,25465133.56,25465133.56
2018-01-06 10:53:53.718031,1,1.0,25294265.37,25294265.37
2018-01-06 10:55:22.779454,-1,1.0,25317187.64,25317187.64
2018-01-06 11:20:41.346765,1,1.0,25034103.90,25034103.90
2018-01-06 11:23:07.171391,-1,1.0,24967850.53,24967850.53
2018-01-06 11:25:33.584058,1,1.0,25097558.19,25097558.19
2018-01-06 11:27:06.757217,-1,1.0,25041617.47,25041617.47
2018-01-06 11:39:17.062618,1,1.0,24954047.43,24954047.43
2018-01-06 11:45:00.216825,-1,1.0,24844020.96,24844020.96
2018-01-06 11:51:50.284646,1,1.0,24646139.57,24646139.57
2018-01-06 11:55:30.258881,-1,1.0,24448544.57,24448544.57
2018-01-06 12:00:34.389761,1,1.0,24183428.51,24183428.51
2018-01-06 12:07:55.878559,-1,1.0,24666307.72,24666307.72
2018-01-06 12:11:16.638784,1,1.0,24769815.84,24769815.84
2018-01-06 12:13:12.344992,-1,1.0,24748160.40,24748160.40
2018-01-06 12:14:31.704508,1,1.0,24692270.51,24692270.51
2018-01-06 12:19:29.348119,-1,1.0,24565809.87,24565809.87
2018-01-06 12:24:15.333637,1,1.0,24620991.86,24620991.86
2018-01-06 12:26:43.190307,-1,1.0,24779962.89,24779962.89
2018-01-06 12:28:11.166855,1,1.0,24947356.62,24947356.62
2018-01-06 12:29:30.159055,-1,1.0,24936181.16,24936181.16
2018-01-06 12:31:03.260093,1,1.0,25047635.53,25047635.53
2018-01-06 12:32:52.147635,-1,1.0,25054472.08,25054472.08
2018-01-06 12:35:52.081238,1,1.0,24770926.71,24770926.71
2018-01-06 12:39:32.811226,-1,1.0,24770818.85,24770818.85
2018-01-06 12:45:46.584265,1,1.0,24723666.29,24723666.29
2018-01-06 12:50:40.311873,-1,1.0,24546218.42,24546218.42
2018-01-06 12:59:24.559724,1,1.0,24688957.97,24688957.97
2018-01-06 13:04:18.056507,-1,1.0,24709190.96,24709190.96
2018-01-06 13:19:49.996200,1,1.0,24490448.83,24490448.83
2018-01-06 13:21:06.289889,-1,1.0,24435426.74,24435426.74
2018-01-06 13:31:17.667748,1,1.0,24479301.29,24479301.29
2018-01-06 13:39:21.303792,-1,1.0,24591021.60,24591021.60
2018-01-06 13:52:20.666872,1,1.0,24391866.72,24391866.72
2018-01-06 14:06:58.143331,-1,1.0,24136978.66,24136978.66
2018-01-06 14:12:39.530553,1,1.0,24172967.19,24172967.19
2018-01-06 14:15:33.043560,-1,1.0,24139168.22,24139168.22
2018-01-06 14:16:50.523103,1,1.0,24174888.77,24174888.77
2018-01-06 14:39:24.008115,-1,1.0,24451913.90,24451913.90
2018-01-06 14:51:16.520224,1,1.0,24666202.49,24666202.49
2018-01-06 14:55:36.153854,-1,1.0,24420415.20,24420415.20
2018-01-06 15:15:57.871225,1,1.0,24319866.85,24319866.85
2018-01-06 15:40:40.788342,-1,1.0,24342528.85,24342528.85
2018-01-06 15:47:30.724839,1,1.0,24341971.90,24341971.90
2018-01-06 16:04:33.963911,-1,1.0,24025144.05,24025144.05
2018-01-06 16:06:21.130620,1,1.0,24116765.18,24116765.18
2018-01-06 16:10:19.950079,-1,1.0,23956789.04,23956789.04
2018-01-06 16:12:43.455140,1,1.0,24019939.11,24019939.11
2018-01-06 16:14:23.713955,-1,1.0,23946387.02,23946387.02
2018-01-06 16:24:17.601217,1,1.0,23971072.97,23971072.97
2018-01-06 16:41:37.613049,-1,1.0,24148364.12,24148364.12
2018-01-06 16:49:37.337670,1,1.0,24114157.77,24114157.77
2018-01-06 16:51:50.753115,-1,1.0,24042414.41,24042414.41
2018-01-06 16:54:51.723152,1,1.0,24227842.20,24227842.20
2018-01-06 16:59:30.001752,-1,1.0,23943298.84,23943298.84
2018-01-06 17:00:01.975178,1,1.0,24025070.34,24025070.34
2018-01-06 17:04:55.179544,-1,1.0,24231560.93,24231560.93
2018-01-06 17:08:19.391542,1,1.0,24037815.67,24037815.67
2018-01-06 17:14:09.116268,-1,1.0,24033504.79,24033504.79
2018-01-06 17:23:41.344400,1,1.0,24041056.99,24041056.99
2018-01-06 17:35:33.671639,-1,1.0,23846594.15,23846594.15
2018-01-06 17:39:54.139568,1,1.0,23892941.96,23892941.96
2018-01-06 17:45:01.925385,-1,1.0,23940411.13,23940411.13
2018-01-06 17:58:52.924945,1,1.0,23858666.79,23858666.79
2018-01-06 18:46:44.575542,-1,1.0,23660058.76,23660058.76
2018-01-06 18:47:38.374451,1,1.0,23677490.42,23677490.42
2018-01-06 18:52:50.890931,-1,1.0,23500668.45,23500668.45
2018-01-06 18:57:01.519190,1,1.0,23745563.79,23745563.79
2018-01-06 18:57:25.286987,-1,1.0,23644976.09,23644976.09
2018-01-06 19:11:10.773205,1,1.0,23374075.98,23374075.98
2018-01-06 19:20:44.100053,-1,1.0,23726893.85,23726893.85
2018-01-06 19:37:04.150713,1,1.0,24072960.06,24072960.06
2018-01-06 19:38:30.239880,-1,1.0,23940341.79,23940341.79
2018-01-06 19:40:57.452599,1,1.0,24209360.41,24209360.41
2018-01-06 19:44:04.255065,-1,1.0,24190302.35,24190302.35
2018-01-06 19:45:40.617304,1,1.0,23924160.12,23924160.12
2018-01-06 19:46:00.014894,-1,1.0,23983027.64,23983027.64
2018-01-06 19:51:20.179414,1,1.0,24148419.91,24148419.91
2018-01-06 20:01:39.307338,-1,1.0,24067412.59,24067412.59
2018-01-06 20:03:33.072806,1,1.0,23894890.50,23894890.50
2018-01-06 20:04:05.492411,-1,1.0,23870066.98,23870066.98
2018-01-06 20:08:41.564465,1,1.0,23995582.73,23995582.73
2018-01-06 20:10:38.665903,-1,1.0,23962055.85,23962055.85
2018-01-06 20:28:02.592284,1,1.0,24017743.78,24017743.78
2018-01-06 21:00:57.033101,-1,1.0,23993018.59,23993018.59
2018-01-06 21:37:10.105628,1,1.0,24186833.14,24186833.14
2018-01-06 21:40:12.324678,-1,1.0,24045669.18,24045669.18
2018-01-06 21:58:01.929069,1,1.0,23994140.65,23994140.65
2018-01-06 22:09:18.243693,-1,1.0,23924730.36,23924730.36
2018-01-06 22:12:42.643502,1,1.0,23980488.21,23980488.21
2018-01-06 22:34:35.879490,-1,1.0,23665433.39,23665433.39
2018-01-06 22:36:29.789568,1,1.0,23696953.04,23696953.04
2018-01-06 22:39:09.820190,-1,1.0,23509503.94,23509503.94
2018-01-06 22:41:16.019236,1,1.0,23578050.60,23578050.60
2018-01-06 22:46:52.936139,-1,1.0,23645222.98,23645222.98
2018-01-06 23:22:16.763028,1,1.0,23921139.36,23921139.36
2018-01-06 23:35:29.080760,-1,1.0,24299060.43,24299060.43
2018-01-06 23:37:04.429087,1,1.0,24153490.78,24153490.78
2018-01-06 23:39:08.793518,-1,1.0,24044176.46,24044176.46
2018-01-06 23:40:42.307589,1,1.0,24202728.44,24202728.44
2018-01-06 23:43:46.043099,-1,1.0,24057808.60,24057808.60
2018-01-06 23:52:30.499580,1,1.0,24083049.97,24083049.97
2018-01-06 23:53:51.184291,-1,1.0,24058933.97,24058933.97
2018-01-07 00:11:44.299667,1,1.0,23918903.39,23918903.39
2018-01-07 00:16:54.434740,-1,1.0,24316520.48,24316520.48
2018-01-07 00:19:54.143238,1,1.0,24591169.96,24591169.96
2018-01-07 00:20:24.400140,-1,1.0,24522482.71,24522482.71
2018-01-07 00:22:10.259066,1,1.0,24477677.02,24477677.02
2018-01-07 00:23:01.566374,-1,1.0,24272405.25,24272405.25
2018-01-07 00:27:10.094854,1,1.0,24403423.42,24403423.42
2018-01-07 00:29:03.280215,-1,1.0,24367032.83,24367032.83
2018-01-07 00:33:30.591180,1,1.0,24216442.05,24216442.05
2018-01-07 00:34:34.991480,-1,1.0,24189441.34,24189441.34
2018-01-07 00:42:54.062944,1,1.0,24336480.24,24336480.24
2018-01-07 00:44:24.045410,-1,1.0,24235332.67,24235332.67
2018-01-07 01:03:57.211127,1,1.0,23930872.10,23930872.10
2018-01-07 01:12:48.318461,-1,1.0,24070565.33,24070565.33
2018-01-07 01:20:53.310549,1,1.0,24270817.85,24270817.85
2018-01-07 01:38:16.601150,-1,1.0,24440466.71,24440466.71
2018-01-07 01:45:31.382132,1,1.0,24419466.31,24419466.31
2018-01-07 01:47:21.980187,-1,1.0,24474694.64,24474694.64
2018-01-07 01:53:27.962119,1,1.0,24648151.24,24648151.24
2018-01-07 01:58:21.676261,-1,1.0,24727414.55,24727414.55
2018-01-07 02:02:04.114191,1,1.0,24760692.95,24760692.95
2018-01-07 02:02:43.398695,-1,1.0,24604422.63,24604422.63
2018-01-07 02:03:11.625488,1,1.0,24608667.09,24608667.09
2018-01-07 02:03:37.924638,-1,1.0,24632238.64,24632238.64
2018-01-07 02:06:53.003311,1,1.0,24586474.47,24586474.47
2018-01-07 02:11:58.476402,-1,1.0,24507870.32,24507870.32
2018-01-07 02:23:58.886617,1,1.0,24350917.40,24350917.40
2018-01-07 02:32:49.645643,-1,1.0,24413371.04,24413371.04
2018-01-07 03:12:19.815885,1,1.0,24957586.78,24957586.78
2018-01-07 03:19:06.944234,-1,1.0,25012252.91,25012252.91
2018-01-07 03:19:28.659576,1,1.0,24984579.54,24984579.54
2018-01-07 03:24:10.668544,-1,1.0,25144280.99,25144280.99
2018-01-07 03:31:11.720625,1,1.0,24865083.15,24865083.15
2018-01-07 03:39:46.195381,-1,1.0,24625904.13,24625904.13
2018-01-07 03:44:25.636556,1,1.0,24747664.54,24747664.54
2018-01-07 03:46:05.261579,-1,1.0,24580650.58,24580650.58
2018-01-07 03:57:56.500556,1,1.0,24737451.83,24737451.83
2018-01-07 04:23:05.129462,-1,1.0,24330809.01,24330809.01
2018-01-07 04:27:28.442189,1,1.0,24478749.72,24478749.72
2018-01-07 04:38:45.029459,-1,1.0,24569160.92,24569160.92
2018-01-07 04:54:18.334831,1,1.0,24459800.91,24459800.91
2018-01-07 05:30:21.349952,-1,1.0,24931591.76,24931591.76
2018-01-07 05:33:59.327607,1,1.0,24773228.66,24773228.66
2018-01-07 05:40:34.802913,-1,1.0,24713454.35,24713454.35
2018-01-07 05:49:17.443528,1,1.0,24848237.01,24848237.01
2018-01-07 05:52:23.609677,-1,1.0,24791185.29,24791185.29
2018-01-07 05:59:35.943218,1,1.0,24764926.84,24764926.84
2018-01-07 06:07:18.871456,-1,1.0,24570678.32,24570678.32
2018-01-07 06:08:55.209927,1,1.0,24651169.23,24651169.23
2018-01-07 06:16:29.889342,-1,1.0,24639499.42,24639499.42
2018-01-07 06:16:55.801586,1,1.0,24754768.18,24754768.18
2018-01-07 06:57:51.164207,-1,1.0,24790457.82,24790457.82
2018-01-07 07:02:32.674676,1,1.0,24955679.40,24955679.40
2018-01-07 07:15:28.027084,-1,1.0,25216420.91,25216420.91
2018-01-07 07:23:02.793591,1,1.0,25230734.35,25230734.35
2018-01-07 07:24:50.134658,-1,1.0,25233282.21,25233282.21
2018-01-07 07:29:23.232234,1,1.0,25261904.01,25261904.01
2018-01-07 07:35:07.375844,-1,1.0,25121494.17,25121494.17