timestamp,quantity,price,fee,amount,side
2018-01-03 13:44:04,0.1619,20668000,5019.0,3341130,1
2018-01-10 22:20:51,0.07059395,20777000,0.00010605,-1468934,0
2018-01-11 23:49:37,0.0009985,19563000,1.5e-06,-19563,0
2018-01-18 23:09:41,0.0009985,14572000,1.5e-06,-14572,0
2018-01-19 12:23:32,0.0726,14539000,1583.0,1053948,1
2018-01-19 12:40:02,0.0009985,14550000,1.5e-06,-14550,0
2018-01-19 13:03:29,0.001,14540000,22.0,14518,1
2018-01-19 13:03:54,0.0009985,14542000,1.5e-06,-14542,0
2018-01-19 13:06:40,0.001,14587000,22.0,14565,1
2018-01-19 13:17:43,0.0009985,14470000,1.5e-06,-14470,0
2018-01-19 13:17:59,0.001,14448000,22.0,14426,1
2018-01-19 13:20:31,0.0009985,14482000,1.5e-06,-14482,0
2018-01-19 13:21:38,0.001,14480000,22.0,14458,1
2018-01-19 13:21:53,0.0009985,14491000,1.5e-06,-14491,0
2018-01-19 13:22:10,0.001,14483000,22.0,14461,1
2018-01-19 13:30:16,0.0009985,14480000,1.5e-06,-14480,0
2018-01-19 13:37:00,0.001,14566000,22.0,14544,1
2018-01-19 13:44:27,0.0009985,14720000,1.5e-06,-14720,0
2018-01-19 14:06:15,0.0008,14743000,18.0,11776,1
2018-01-19 14:06:40,0.0001,14744000,2.0,1472,1
2018-01-19 18:03:43,0.0009985,14847000,1.5e-06,-14847,0
2018-01-19 18:05:57,0.001,14868000,22.0,14846,1
2018-01-19 18:15:00,0.0009985,14832000,1.5e-06,-14832,0
2018-01-19 18:17:48,0.001,14851000,22.0,14829,1
2018-01-19 18:21:49,0.0009985,14806000,1.5e-06,-14806,0
2018-01-19 18:22:23,0.001,14831000,22.0,14809,1
2018-01-19 22:44:48,0.0009985,15063000,1.5e-06,-15063,0
2018-01-19 22:46:03,0.001,15080000,23.0,15057,1
2018-01-19 22:57:51,0.0009985,15100000,1.5e-06,-15100,0
2018-01-19 22:58:21,0.001,15098000,23.0,15075,1
2018-01-19 23:03:15,0.0009985,15125000,1.5e-06,-15125,0
2018-01-19 23:05:44,0.001,15176000,23.0,15153,1
2018-01-19 23:07:43,0.0009985,15174000,1.5e-06,-15174,0
2018-01-19 23:14:26,0.001,15286000,23.0,15263,1
2018-01-19 23:16:48,0.0009985,15265000,1.5e-06,-15265,0
2018-01-19 23:18:06,0.001,15269000,23.0,15246,1
2018-01-19 23:19:58,0.0009985,15239000,1.5e-06,-15239,0
2018-01-19 23:20:28,0.001,15230000,23.0,15207,1
2018-01-19 23:38:38,0.0009985,15002000,1.5e-06,-15002,0
2018-01-19 23:38:49,0.001,14990000,22.0,14968,1
2018-01-19 23:41:23,0.0009985,14963000,1.5e-06,-14963,0
2018-01-19 23:45:52,0.001,14974000,22.0,14952,1
2018-01-19 23:50:01,0.0009985,14833000,1.5e-06,-14833,0
2018-01-19 23:53:27,0.001,14781000,22.0,14759,1
2018-01-20 01:15:50,0.0009985,15213000,1.5e-06,-15213,0
2018-01-20 01:16:57,0.001,15214000,23.0,15191,1
2018-01-20 01:24:11,0.0009985,15124000,1.5e-06,-15124,0
2018-01-20 01:29:39,0.001,15184000,23.0,15161,1
2018-01-20 07:10:16,0.0009985,15189000,1.5e-06,-15189,0
2018-01-20 07:10:39,0.001,15186000,23.0,15163,1
2018-01-20 08:05:18,0.0009985,15114000,1.5e-06,-15114,0
2018-01-20 08:09:08,0.001,15148000,23.0,15125,1
2018-01-20 08:21:12,0.0009985,15200000,1.5e-06,-15200,0
2018-01-20 08:22:38,0.001,15203000,23.0,15180,1
2018-01-20 08:29:45,0.0009985,15224000,1.5e-06,-15224,0
2018-01-20 09:21:09,0.001,15265000,23.0,15242,1
2018-01-20 09:46:33,0.0009985,15332000,1.5e-06,-15332,0
2018-01-20 09:49:02,0.001,15353000,23.0,15330,1
2018-01-20 09:51:47,0.0009985,15297000,1.5e-06,-15297,0
2018-01-20 11:14:00,0.001,15671000,24.0,15647,1
2018-01-20 11:17:01,0.0009985,15599000,1.5e-06,-15599,0
2018-01-20 11:28:37,0.001,15552000,23.0,15529,1
2018-01-20 11:31:21,0.0009985,15478000,1.5e-06,-15478,0
2018-01-20 11:42:11,0.001,15564000,23.0,15541,1
2018-01-20 11:47:42,0.0009985,15549000,1.5e-06,-15549,0
2018-01-20 11:50:26,0.001,15579000,23.0,15556,1
2018-01-20 11:55:24,0.0009985,15600000,1.5e-06,-15600,0
2018-01-20 11:57:51,0.001,15587000,23.0,15564,1
2018-01-20 12:01:15,0.0009985,15623000,1.5e-06,-15623,0
2018-01-20 12:24:42,0.001,15698000,24.0,15674,1
2018-01-20 12:32:52,0.0009985,15600000,1.5e-06,-15600,0
2018-01-20 12:38:53,0.001,15690000,24.0,15666,1
2018-01-20 12:48:08,0.0009985,15640000,1.5e-06,-15640,0
2018-01-20 12:49:43,0.001,15644000,23.0,15621,1
2018-01-20 12:51:12,0.0009985,15603000,1.5e-06,-15603,0
2018-01-20 13:03:17,0.001,15645000,23.0,15622,1
2018-01-20 13:06:28,0.0009985,15644000,1.5e-06,-15644,0
2018-01-20 13:07:57,0.001,15635000,23.0,15612,1
2018-01-20 13:12:32,0.0009985,15606000,1.5e-06,-15606,0
2018-01-20 13:15:30,0.001,15558000,23.0,15535,1
2018-01-20 13:19:06,0.0009985,15500000,1.5e-06,-15500,0
2018-01-20 13:32:59,0.001,15771000,24.0,15747,1
2018-01-20 13:36:19,0.0009985,15921000,1.5e-06,-15921,0
2018-01-20 13:38:11,0.001,16177000,24.0,16153,1
2018-01-20 13:42:03,0.0009985,16124000,1.5e-06,-16124,0
2018-01-20 13:45:06,0.001,16146000,24.0,16122,1
2018-01-20 13:46:17,0.0009985,16321000,1.5e-06,-16321,0
2018-01-20 13:50:48,0.001,16778000,25.0,16753,1
2018-01-20 13:51:20,0.0009985,16777000,1.5e-06,-16777,0
2018-01-20 13:52:01,0.001,16851000,25.0,16826,1
2018-01-20 13:53:30,0.0009985,16841000,1.5e-06,-16841,0
2018-01-20 13:54:32,0.001,16788000,25.0,16763,1
2018-01-20 13:55:49,0.0009985,16552000,1.5e-06,-16552,0
2018-01-20 13:58:50,0.001,16878000,25.0,16853,1
2018-01-20 14:03:13,0.0009985,16996000,1.5e-06,-16996,0
2018-01-20 14:04:54,0.001,17200000,26.0,17174,1
2018-01-20 14:05:12,0.0009985,17049000,1.5e-06,-17049,0
2018-01-20 14:07:37,0.001,16794000,25.0,16769,1
2018-01-20 14:09:22,0.0009985,16970000,1.5e-06,-16970,0
2018-01-20 14:11:23,0.001,17107000,26.0,17081,1
2018-01-20 14:12:18,0.0009985,17028000,1.5e-06,-17028,0
2018-01-20 14:13:09,0.001,16947000,25.0,16922,1
2018-01-20 14:27:07,0.0009985,16812000,1.5e-06,-16812,0
2018-01-20 14:29:43,0.001,16800000,25.0,16775,1
2018-01-20 14:31:03,0.0009985,16600000,1.5e-06,-16600,0
2018-01-20 14:33:24,0.001,16664000,25.0,16639,1
2018-01-20 14:34:15,0.0009985,16582000,1.5e-06,-16582,0
2018-01-20 14:39:33,0.001,17159000,26.0,17133,1
2018-01-20 14:42:02,0.0009985,16718000,1.5e-06,-16718,0
2018-01-20 14:56:51,0.001,16665000,25.0,16640,1
2018-01-20 14:57:13,0.0009985,16666000,1.5e-06,-16666,0
2018-01-20 14:57:45,0.001,16798000,25.0,16773,1
2018-01-20 15:00:44,0.0009985,16809000,1.5e-06,-16809,0
2018-01-20 15:05:16,0.001,16790000,25.0,16765,1
2018-01-20 15:08:59,0.0009985,16629000,1.5e-06,-16629,0
2018-01-20 15:10:27,0.001,16604000,25.0,16579,1
2018-01-20 15:12:48,0.0009985,16598000,1.5e-06,-16598,0
2018-01-20 15:13:05,0.001,16595000,25.0,16570,1
2018-01-20 15:15:09,0.0009985,16451000,1.5e-06,-16451,0
2018-01-20 15:16:28,0.001,16500000,25.0,16475,1
2018-01-20 15:20:04,0.0009985,16485000,1.5e-06,-16485,0
2018-01-20 15:26:25,0.001,16470000,25.0,16445,1
2018-01-20 15:32:17,0.0009985,16470000,1.5e-06,-16470,0
2018-01-20 15:34:46,0.001,16518000,25.0,16493,1
2018-01-20 15:40:37,0.0009985,16330000,1.5e-06,-16330,0
2018-01-20 15:47:29,0.001,16289000,24.0,16265,1
2018-01-20 15:52:32,0.0009985,16450000,1.5e-06,-16450,0
2018-01-20 15:54:46,0.001,16381000,25.0,16356,1
2018-01-20 16:00:06,0.0009985,16403000,1.5e-06,-16403,0
2018-01-20 16:04:53,0.001,16393000,25.0,16368,1
2018-01-20 16:07:25,0.0009985,16393000,1.5e-06,-16393,0
2018-01-20 16:15:35,0.001,16643000,25.0,16618,1
2018-01-20 16:17:03,0.0009985,16702000,1.5e-06,-16702,0
2018-01-20 16:19:30,0.001,16709000,25.0,16684,1
2018-01-20 16:22:18,0.0009985,16626000,1.5e-06,-16626,0
2018-01-20 16:34:14,0.001,16510000,25.0,16485,1
2018-01-20 16:37:05,0.0009985,16498000,1.5e-06,-16498,0
2018-01-20 17:23:40,0.001,16579000,25.0,16554,1
2018-01-20 17:27:24,0.0009985,16550000,1.5e-06,-16550,0
2018-01-20 17:32:26,0.001,16609000,25.0,16584,1
2018-01-20 17:44:56,0.0009985,16642000,1.5e-06,-16642,0
2018-01-20 17:46:25,0.001,16625000,25.0,16600,1
2018-01-20 17:47:27,8.393e-05,16609000,1.3e-07,-1396,0
2018-01-20 17:48:11,0.0009985,16625000,1.5e-06,-16625,0
2018-01-20 18:07:45,0.001,16806000,25.0,16781,1
2018-01-20 18:13:25,0.0009985,16725000,1.5e-06,-16725,0
2018-01-20 18:19:04,0.001,16735000,25.0,16710,1
2018-01-20 18:26:54,0.0009985,16671000,1.5e-06,-16671,0
2018-01-20 18:29:08,0.001,16681000,25.0,16656,1
2018-01-20 18:30:51,0.0009985,16665000,1.5e-06,-16665,0
2018-01-20 18:44:41,0.001,16699000,25.0,16674,1
2018-01-20 18:49:20,0.0009985,16740000,1.5e-06,-16740,0
2018-01-20 18:56:21,0.001,16650000,25.0,16625,1
2018-01-20 18:59:34,0.0009985,16614000,1.5e-06,-16614,0
2018-01-20 19:02:51,0.001,16588000,25.0,16563,1
2018-01-20 19:06:42,0.0009985,16557000,1.5e-06,-16557,0
2018-01-20 19:11:38,0.001,16618000,25.0,16593,1
2018-01-20 19:12:14,0.0009985,16644000,1.5e-06,-16644,0
2018-01-20 19:12:50,0.001,16631000,25.0,16606,1
2018-01-20 19:16:06,0.0009985,16551000,1.5e-06,-16551,0
2018-01-20 19:21:07,0.001,16567000,25.0,16542,1
2018-01-20 19:22:42,0.0009985,16581000,1.5e-06,-16581,0
2018-01-20 19:23:54,0.001,16612000,25.0,16587,1
2018-01-20 19:29:53,0.0009985,16551000,1.5e-06,-16551,0
2018-01-20 19:42:33,0.001,16527000,25.0,16502,1
2018-01-20 19:43:33,0.0009985,16536000,1.5e-06,-16536,0
2018-01-20 19:51:55,0.001,16600000,25.0,16575,1
2018-01-20 19:59:08,0.0009985,16665000,1.5e-06,-16665,0
2018-01-20 20:00:43,0.001,16657000,25.0,16632,1
2018-01-20 20:18:15,0.0009985,16560000,1.5e-06,-16560,0
2018-01-20 20:23:42,0.001,16585000,25.0,16560,1
2018-01-20 20:28:15,0.0009985,16542000,1.5e-06,-16542,0
2018-01-20 20:31:21,0.001,16519000,25.0,16494,1
2018-01-20 20:58:39,0.0009985,16082000,1.5e-06,-16082,0
2018-01-20 21:13:15,0.001,16197000,24.0,16173,1
2018-01-20 21:19:57,0.0009985,16320000,1.5e-06,-16320,0
2018-01-20 21:27:29,0.001,16472000,25.0,16447,1
2018-01-20 21:41:11,0.0009985,16421000,1.5e-06,-16421,0
2018-01-20 21:50:52,0.001,16473000,25.0,16448,1
2018-01-20 22:09:41,0.0009985,16420000,1.5e-06,-16420,0
2018-01-20 22:10:54,0.001,16415000,25.0,16390,1
2018-01-20 22:18:06,0.0009985,16410000,1.5e-06,-16410,0
2018-01-20 22:20:13,0.001,16398000,25.0,16373,1
2018-01-20 22:43:40,0.0009985,16500000,1.5e-06,-16500,0
2018-01-20 22:48:10,0.001,16499000,25.0,16474,1
2018-01-20 22:49:43,0.0009985,16525000,1.5e-06,-16525,0
2018-01-20 22:53:19,0.001,16508000,25.0,16483,1
2018-01-20 23:01:26,0.0009985,16421000,1.5e-06,-16421,0
2018-01-20 23:11:37,0.001,16538000,25.0,16513,1
2018-01-20 23:16:45,0.0009985,16497000,1.5e-06,-16497,0
2018-01-20 23:20:55,0.001,16484000,25.0,16459,1
2018-01-20 23:26:38,0.0009985,16478000,1.5e-06,-16478,0
2018-01-20 23:46:28,0.001,16495000,25.0,16470,1
2018-01-20 23:48:43,0.0009985,16508000,1.5e-06,-16508,0
2018-01-20 23:52:38,0.001,16488000,25.0,16463,1
2018-01-20 23:54:31,0.0009985,16432000,1.5e-06,-16432,0
2018-01-20 23:57:52,0.001,16500000,25.0,16475,1
2018-01-21 00:24:52,0.0009985,16294000,1.5e-06,-16294,0
2018-01-21 00:27:07,0.001,16350000,25.0,16325,1
2018-01-21 00:31:17,0.0009985,16348000,1.5e-06,-16348,0
2018-01-21 00:48:14,0.001,16321000,24.0,16297,1
2018-01-21 00:53:23,0.0009985,16319000,1.5e-06,-16319,0
2018-01-21 01:06:17,0.001,16379000,25.0,16354,1
2018-01-21 01:08:35,0.0009985,16361000,1.5e-06,-16361,0
2018-01-21 01:11:50,0.001,16392000,25.0,16367,1
2018-01-21 01:13:37,0.0009985,16401000,1.5e-06,-16401,0
2018-01-21 01:15:44,0.001,16378000,25.0,16353,1
2018-01-21 01:42:21,0.0009985,16362000,1.5e-06,-16362,0
2018-01-21 01:47:40,0.001,16500000,25.0,16475,1
2018-01-21 02:32:52,0.0009985,16507000,1.5e-06,-16507,0
2018-01-21 03:06:28,0.001,16547000,25.0,16522,1
2018-01-21 03:08:03,0.0009985,16501000,1.5e-06,-16501,0
2018-01-21 03:10:21,0.001,16549000,25.0,16524,1
2018-01-21 03:15:10,0.0009985,16579000,1.5e-06,-16579,0
2018-01-21 03:24:11,0.001,16612000,25.0,16587,1
2018-01-21 03:24:39,0.0009985,16623000,1.5e-06,-16623,0
2018-01-21 03:39:05,0.001,16676000,25.0,16651,1
2018-01-21 03:46:49,0.0009985,16480000,1.5e-06,-16480,0
2018-01-21 03:47:39,0.001,16644000,25.0,16619,1
2018-01-21 04:06:51,0.0009985,16699000,1.5e-06,-16699,0
2018-01-21 04:09:04,0.001,16698000,25.0,16673,1
2018-01-21 04:14:37,0.0009985,16704000,1.5e-06,-16704,0
2018-01-21 04:15:34,0.001,16676000,25.0,16651,1
2018-01-21 04:40:20,0.0009985,16647000,1.5e-06,-16647,0
2018-01-21 04:55:36,0.001,16680000,25.0,16655,1
2018-01-21 05:09:46,0.0009985,16632000,1.5e-06,-16632,0
2018-01-21 05:20:44,0.001,16707000,25.0,16682,1
2018-01-21 05:24:38,0.0009985,16652000,1.5e-06,-16652,0
2018-01-21 05:34:25,0.001,16680000,25.0,16655,1
2018-01-21 05:35:57,0.0009985,16641000,1.5e-06,-16641,0
2018-01-21 06:06:13,0.001,16724000,25.0,16699,1
2018-01-21 06:11:15,0.0009985,16758000,1.5e-06,-16758,0
2018-01-21 06:30:21,0.001,16749000,25.0,16724,1
2018-01-21 06:39:00,0.0009985,16801000,1.5e-06,-16801,0
2018-01-21 06:40:19,0.001,16819000,25.0,16794,1
2018-01-21 07:10:01,0.0009985,16891000,1.5e-06,-16891,0
2018-01-21 07:20:44,0.001,16967000,25.0,16942,1
2018-01-21 07:22:22,0.0009985,16980000,1.5e-06,-16980,0
2018-01-21 07:30:39,0.001,16943000,25.0,16918,1
2018-01-21 07:38:22,0.0009985,16897000,1.5e-06,-16897,0
2018-01-21 07:47:53,0.001,16870000,25.0,16845,1
2018-01-21 07:57:07,0.0009985,16897000,1.5e-06,-16897,0
2018-01-21 07:58:05,0.001,16858000,25.0,16833,1
2018-01-21 08:01:17,0.0009985,16852000,1.5e-06,-16852,0
2018-01-21 08:17:10,0.001,16786000,25.0,16761,1
2018-01-21 08:24:19,0.0009985,16801000,1.5e-06,-16801,0
2018-01-21 08:26:55,0.001,16822000,25.0,16797,1
2018-01-21 08:50:28,0.0009985,16691000,1.5e-06,-16691,0
2018-01-21 08:56:48,0.001,16789000,25.0,16764,1
2018-01-21 08:57:43,0.0009985,16797000,1.5e-06,-16797,0
2018-01-21 09:04:39,0.001,16780000,25.0,16755,1
2018-01-21 09:05:29,0.0009985,16782000,1.5e-06,-16782,0
2018-01-21 09:06:54,0.001,16853000,25.0,16828,1
2018-01-21 09:10:53,0.0009985,16809000,1.5e-06,-16809,0
2018-01-21 09:16:27,0.001,16853000,25.0,16828,1
2018-01-21 09:18:14,0.0009985,16785000,1.5e-06,-16785,0
2018-01-21 09:26:19,0.001,16599000,25.0,16574,1
2018-01-21 09:27:33,0.0009985,16579000,1.5e-06,-16579,0
2018-01-21 09:35:24,0.001,16484000,25.0,16459,1
2018-01-21 09:41:51,0.0009985,16415000,1.5e-06,-16415,0
2018-01-21 09:44:46,0.001,16460000,25.0,16435,1
2018-01-21 09:46:25,0.0009985,16311000,1.5e-06,-16311,0
2018-01-21 09:46:36,0.001,16319000,24.0,16295,1
2018-01-21 09:46:51,0.0009985,16331000,1.5e-06,-16331,0
2018-01-21 12:22:06,0.001,16304000,24.0,16280,1
2018-01-21 12:24:17,0.0009985,16315000,1.5e-06,-16315,0
2018-01-21 12:30:59,0.0009985,16266000,1.5e-06,-16266,0
2018-01-21 12:32:45,0.0019,16256000,46.0,30840,1
2018-01-21 12:45:10,0.0009985,16060000,1.5e-06,-16060,0
2018-01-21 12:46:28,0.001,15998000,24.0,15974,1
2018-01-21 12:47:21,0.0009985,15900000,1.5e-06,-15900,0
2018-01-21 12:51:04,0.001,15965000,24.0,15941,1
2018-01-21 12:59:39,0.0009985,15700000,1.5e-06,-15700,0
2018-01-21 13:06:13,0.001,15448000,23.0,15425,1
2018-01-21 13:08:34,0.0009985,15195000,1.5e-06,-15195,0
2018-01-21 13:16:18,0.001,15357000,23.0,15334,1
2018-01-21 13:18:28,0.0009985,15369000,1.5e-06,-15369,0
2018-01-21 13:23:22,0.001,15739000,24.0,15715,1
2018-01-21 13:28:53,0.0009985,15534000,1.5e-06,-15534,0
2018-01-21 13:30:16,0.001,15532000,23.0,15509,1
2018-01-21 13:34:55,0.0009985,15230000,1.5e-06,-15230,0
2018-01-21 13:37:06,0.001,15217000,23.0,15194,1
2018-01-21 13:40:51,0.0009985,15108000,1.5e-06,-15108,0
2018-01-21 13:41:10,0.001,15168000,23.0,15145,1
2018-01-21 13:42:31,0.0009985,15125000,1.5e-06,-15125,0
2018-01-21 13:43:07,0.001,15112000,23.0,15089,1
2018-01-21 13:45:31,0.0009985,14911000,1.5e-06,-14911,0
2018-01-21 13:49:15,0.001,14870000,22.0,14848,1
2018-01-21 13:49:59,0.0009985,14870000,1.5e-06,-14870,0
2018-01-21 13:50:35,0.001,14848000,22.0,14826,1
2018-01-21 13:58:37,0.0009985,14632000,1.5e-06,-14632,0
2018-01-21 14:01:10,0.001,14500000,22.0,14478,1
2018-01-21 14:08:14,0.0009985,14069000,1.5e-06,-14069,0
2018-01-21 14:12:14,0.001,14322000,21.0,14301,1
2018-01-21 14:25:08,0.0009985,15089000,1.5e-06,-15089,0
2018-01-21 14:27:11,0.001,15250000,23.0,15227,1
2018-01-21 14:30:16,0.0009985,15064000,1.5e-06,-15064,0
2018-01-21 14:31:15,0.001,15067000,23.0,15044,1
2018-01-21 14:34:02,0.00038959,14822000,5.9e-07,-5783,0
2018-01-21 14:34:02,0.00060891,14822000,9.1e-07,-9039,0
2018-01-21 14:36:15,0.001,14770000,22.0,14748,1
2018-01-21 14:36:33,0.0009985,14793000,1.5e-06,-14793,0
2018-01-21 14:40:54,0.001,14760000,22.0,14738,1
2018-01-21 14:41:34,0.0009985,14690000,1.5e-06,-14690,0
2018-01-21 14:47:11,0.001,14830000,22.0,14808,1
2018-01-21 14:51:29,0.0009985,14923000,1.5e-06,-14923,0
2018-01-21 15:05:07,0.001,15291000,23.0,15268,1
2018-01-21 15:10:44,0.0009985,14982000,1.5e-06,-14982,0
2018-01-21 15:38:12,0.001,15200000,23.0,15177,1
2018-01-21 15:41:38,0.0009985,15122000,1.5e-06,-15122,0
2018-01-21 15:42:44,0.001,15155000,23.0,15132,1
2018-01-21 15:54:53,0.0009985,14800000,1.5e-06,-14800,0
2018-01-21 16:15:36,0.001,14743000,22.0,14721,1
2018-01-21 16:20:03,0.0009985,14650000,1.5e-06,-14650,0
2018-01-21 16:46:28,0.001,14000000,21.0,13979,1
2018-01-21 17:00:20,0.0009985,14444000,1.5e-06,-14444,0
2018-01-21 17:00:41,0.001,14458000,22.0,14436,1
2018-01-21 17:03:35,0.0009985,14250000,1.5e-06,-14250,0
2018-01-21 17:16:19,0.001,14435000,22.0,14413,1
2018-01-21 17:35:06,0.0009985,14321000,1.5e-06,-14321,0
2018-01-21 17:40:02,0.001,14320000,21.0,14299,1
2018-01-21 17:40:31,0.0009985,14325000,1.5e-06,-14325,0
2018-01-21 17:49:28,0.0002,14442000,4.0,2884,1
2018-01-21 17:51:50,0.0009985,14433000,1.5e-06,-14433,0
2018-01-21 18:04:55,0.0018,14280000,39.0,25665,1
2018-01-21 18:06:16,0.0009985,14225000,1.5e-06,-14225,0
2018-01-21 18:13:05,0.001,14200000,21.0,14179,1
2018-01-21 18:15:43,0.0009985,14000000,1.5e-06,-14000,0
2018-01-21 18:24:20,0.001,14005000,21.0,13984,1
2018-01-21 18:24:39,0.0009985,14025000,1.5e-06,-14025,0
2018-01-21 18:25:53,0.001,14186000,21.0,14165,1
2018-01-21 18:40:44,0.0009985,14092000,1.5e-06,-14092,0
2018-01-21 18:56:59,0.001,14084000,21.0,14063,1
2018-01-21 19:03:10,0.0009985,14077000,1.5e-06,-14077,0
2018-01-21 20:05:40,0.001,14282000,21.0,14261,1
2018-01-21 20:14:48,0.0009985,14263000,1.5e-06,-14263,0
2018-01-21 20:16:09,0.001,14385000,22.0,14363,1
2018-01-21 20:21:42,0.0009985,14448000,1.5e-06,-14448,0
2018-01-21 21:13:56,0.001,14714000,22.0,14692,1
2018-01-21 21:15:47,0.0009985,14770000,1.5e-06,-14770,0
2018-01-21 21:36:21,0.001,14711000,22.0,14689,1
2018-01-21 21:39:02,0.0009985,14728000,1.5e-06,-14728,0
2018-01-21 21:50:56,0.001,14751000,22.0,14729,1
2018-01-21 21:54:16,0.0009985,14634000,1.5e-06,-14634,0
2018-01-21 22:08:37,0.001,14712000,22.0,14690,1
2018-01-21 22:14:01,0.0009985,14606000,1.5e-06,-14606,0
2018-01-21 22:18:50,0.001,14719000,22.0,14697,1
2018-01-21 22:25:57,0.0009985,14679000,1.5e-06,-14679,0
2018-01-21 22:39:23,0.001,14788000,22.0,14766,1
2018-01-21 22:54:38,0.0009985,14780000,1.5e-06,-14780,0
2018-01-21 23:57:28,0.001,14370000,22.0,14348,1
2018-01-22 00:00:32,0.0009985,14258000,1.5e-06,-14258,0
2018-01-22 00:06:08,0.001,14539000,22.0,14517,1
2018-01-22 00:12:03,0.0009985,14405000,1.5e-06,-14405,0
2018-01-22 00:23:35,0.001,14486000,22.0,14464,1
2018-01-22 00:31:04,0.0009985,14405000,1.5e-06,-14405,0
2018-01-22 01:05:21,0.001,14001000,21.0,13980,1
2018-01-22 01:07:09,0.0009985,14018000,1.5e-06,-14018,0
2018-01-22 01:08:39,0.001,14000000,21.0,13979,1
2018-01-22 01:18:20,0.0009985,14150000,1.5e-06,-14150,0
2018-01-22 01:23:01,0.001,13985000,21.0,13964,1
2018-01-22 01:23:12,0.0009985,13999000,1.5e-06,-13999,0
2018-01-22 02:18:11,0.001,13940000,21.0,13919,1
2018-01-22 02:23:12,0.0009985,13903000,1.5e-06,-13903,0
2018-01-22 02:42:51,0.001,14123000,21.0,14102,1
2018-01-22 02:50:16,0.0009985,14011000,1.5e-06,-14011,0
2018-01-22 04:16:01,0.001,14443000,22.0,14421,1
2018-01-22 04:25:15,0.0009985,14400000,1.5e-06,-14400,0
2018-01-22 04:35:03,0.001,14300000,21.0,14279,1
2018-01-22 04:39:21,0.0009985,14287000,1.5e-06,-14287,0
2018-01-22 04:51:56,0.001,14344000,22.0,14322,1
2018-01-22 05:16:40,0.0009985,14097000,1.5e-06,-14097,0
2018-01-22 05:21:38,0.001,14191000,21.0,14170,1
2018-01-22 05:25:25,0.0009985,14118000,1.5e-06,-14118,0
2018-01-22 06:03:21,0.001,14161000,21.0,14140,1
2018-01-22 06:39:12,0.0009985,14208000,1.5e-06,-14208,0
2018-01-22 06:45:13,0.001,14241000,21.0,14220,1
2018-01-22 06:48:02,0.0009985,14223000,1.5e-06,-14223,0
2018-01-22 07:19:25,0.0003,14488000,7.0,4339,1
2018-01-22 07:19:25,0.0007,14488000,15.0,10127,1
2018-01-22 07:48:55,0.0009985,14188000,1.5e-06,-14188,0
2018-01-22 08:11:20,0.001,14365000,22.0,14343,1
2018-01-22 13:59:05,0.0009985,14075000,1.5e-06,-14075,0
2018-01-22 14:02:03,0.001,14074000,21.0,14053,1
2018-01-22 16:55:04,0.0009985,14436000,1.5e-06,-14436,0
2018-01-22 17:03:25,0.001,14549000,22.0,14527,1
2018-01-22 17:12:05,0.0009985,14601000,1.5e-06,-14601,0
2018-01-22 17:13:50,0.001,14629000,22.0,14607,1
2018-01-22 17:16:24,0.0009985,14605000,1.5e-06,-14605,0
2018-01-22 17:17:51,0.001,14595000,22.0,14573,1
2018-01-22 17:25:45,0.0009985,14460000,1.5e-06,-14460,0
2018-01-22 17:28:04,0.001,14478000,22.0,14456,1
2018-01-22 17:28:36,0.0009985,14455000,1.5e-06,-14455,0
2018-01-22 17:44:30,0.001,14361000,22.0,14339,1
2018-01-22 17:49:43,0.0009985,14343000,1.5e-06,-14343,0
2018-01-22 17:56:17,0.001,14441000,22.0,14419,1
2018-01-22 17:56:45,0.0009985,14405000,1.5e-06,-14405,0
2018-01-22 17:59:29,0.001,14422000,22.0,14400,1
2018-01-22 17:59:57,0.0009985,14422000,1.5e-06,-14422,0
2018-01-22 18:00:44,0.001,14400000,22.0,14378,1
2018-01-22 18:01:49,0.0009985,14383000,1.5e-06,-14383,0
2018-01-22 18:15:23,0.0009985,14440000,1.5e-06,-14440,0
2018-01-22 18:47:03,0.0019,14569000,42.0,27639,1
2018-01-22 18:51:49,0.0009985,14501000,1.5e-06,-14501,0
2018-01-22 18:57:09,0.001,14462000,22.0,14440,1
2018-01-22 19:06:09,0.0009985,14377000,1.5e-06,-14377,0
2018-01-22 19:35:36,0.001,14445000,22.0,14423,1
2018-01-22 21:16:53,0.0009985,14052000,1.5e-06,-14052,0
2018-01-22 21:26:22,0.001,13959000,21.0,13938,1
2018-01-22 21:38:33,0.0009985,13941000,1.5e-06,-13941,0
2018-01-22 22:27:53,0.001,13580000,20.0,13560,1
2018-01-22 22:33:44,0.0009985,13600000,1.5e-06,-13600,0
2018-01-22 22:43:50,0.001,13291000,20.0,13271,1
2018-01-22 22:47:29,0.0009985,13303000,1.5e-06,-13303,0
2018-01-22 23:16:07,0.001,13357000,20.0,13337,1
2018-01-22 23:21:33,0.0009985,13483000,1.5e-06,-13483,0
2018-01-22 23:24:46,0.001,13471000,20.0,13451,1
2018-01-22 23:34:24,0.0009985,13642000,1.5e-06,-13642,0
2018-01-22 23:35:12,0.001,13599000,20.0,13579,1
2018-01-22 23:55:50,0.0009985,13404000,1.5e-06,-13404,0
2018-01-23 00:10:56,0.001,13277000,20.0,13257,1
2018-01-23 00:16:21,0.0009985,13234000,1.5e-06,-13234,0
2018-01-23 00:21:30,0.001,13366000,20.0,13346,1
2018-01-23 00:36:23,0.0009985,13282000,1.5e-06,-13282,0
2018-01-23 01:26:53,0.001,13138000,20.0,13118,1
2018-01-23 02:01:22,0.0009985,13200000,1.5e-06,-13200,0
2018-01-23 02:28:42,0.001,13353000,20.0,13333,1
2018-01-23 02:47:44,0.0009985,13440000,1.5e-06,-13440,0
2018-01-23 03:07:55,0.001,13099000,20.0,13079,1
2018-01-23 03:08:39,0.0009985,13060000,1.5e-06,-13060,0
2018-01-23 03:31:14,0.001,13290000,20.0,13270,1
2018-01-23 03:56:41,0.0009985,13164000,1.5e-06,-13164,0
2018-01-23 04:20:14,0.001,13297000,20.0,13277,1
2018-01-23 04:33:14,0.0009985,13216000,1.5e-06,-13216,0
2018-01-23 05:25:43,0.001,13284000,20.0,13264,1
2018-01-23 05:28:30,0.0009985,13191000,1.5e-06,-13191,0
2018-01-23 05:42:25,0.001,13339000,20.0,13319,1
2018-01-23 05:43:04,0.0009985,13297000,1.5e-06,-13297,0
2018-01-23 06:06:13,0.001,13306000,20.0,13286,1
2018-01-23 06:08:53,0.0009985,13185000,1.5e-06,-13185,0
2018-01-23 07:14:05,0.001,13400000,20.0,13380,1
2018-01-23 07:21:50,0.0009985,13327000,1.5e-06,-13327,0
2018-01-23 07:40:49,0.001,13499000,20.0,13479,1
2018-01-23 07:48:42,0.0009985,13573000,1.5e-06,-13573,0
2018-01-23 07:50:48,0.001,13690000,21.0,13669,1
2018-01-23 07:56:51,0.0009985,13735000,1.5e-06,-13735,0
2018-01-23 07:59:40,0.001,13820000,21.0,13799,1
2018-01-23 08:03:26,0.0009985,13840000,1.5e-06,-13840,0
2018-01-23 08:04:51,0.001,13954000,21.0,13933,1
2018-01-23 08:23:14,0.0009985,13600000,1.5e-06,-13600,0
2018-01-23 08:33:59,0.001,13765000,21.0,13744,1
2018-01-23 08:40:32,0.0009985,13790000,1.5e-06,-13790,0
2018-01-23 08:47:11,0.001,13950000,21.0,13929,1
2018-01-23 09:04:45,0.0009985,13813000,1.5e-06,-13813,0
2018-01-23 09:12:56,0.001,13920000,21.0,13899,1
2018-01-23 09:19:18,0.0009985,13773000,1.5e-06,-13773,0
2018-01-23 09:48:09,0.001,13584000,20.0,13564,1
2018-01-23 09:49:05,0.0009985,13585000,1.5e-06,-13585,0
2018-01-23 09:53:04,0.001,13551000,20.0,13531,1
2018-01-23 09:57:38,0.0009985,13453000,1.5e-06,-13453,0
2018-01-23 10:01:18,0.001,13668000,21.0,13647,1
2018-01-23 10:09:47,0.0009985,13736000,1.5e-06,-13736,0
2018-01-23 10:36:43,0.001,13559000,20.0,13539,1
2018-01-23 10:38:05,0.0009985,13499000,1.5e-06,-13499,0
2018-01-23 10:50:05,0.001,13411000,20.0,13391,1
2018-01-23 10:53:23,0.0009985,13368000,1.5e-06,-13368,0
2018-01-23 11:03:01,0.001,13307000,20.0,13287,1
2018-01-23 11:04:03,0.0009985,13283000,1.5e-06,-13283,0
2018-01-23 11:10:43,0.001,13399000,20.0,13379,1
2018-01-23 11:27:55,0.0009985,13452000,1.5e-06,-13452,0
2018-01-23 11:31:44,0.001,13522000,20.0,13502,1
2018-01-23 11:34:50,0.0009985,13409000,1.5e-06,-13409,0
2018-01-23 12:47:26,0.001,13639000,20.0,13619,1
2018-01-23 12:52:20,0.0009985,13675000,1.5e-06,-13675,0
2018-01-23 13:09:41,0.001,13605000,20.0,13585,1
2018-01-23 14:07:00,0.0009985,13318000,1.5e-06,-13318,0
2018-01-23 15:18:17,0.001,13287000,20.0,13267,1
2018-01-23 15:29:17,0.0009985,13217000,1.5e-06,-13217,0
2018-01-23 15:43:29,0.001,13160000,20.0,13140,1
2018-01-23 15:51:25,0.0009985,13057000,1.5e-06,-13057,0
2018-01-23 16:07:35,0.001,12987000,19.0,12968,1
2018-01-23 16:10:55,0.0009985,12900000,1.5e-06,-12900,0
2018-01-23 16:42:22,0.001,13056000,20.0,13036,1
2018-01-23 16:46:35,0.0009985,12953000,1.5e-06,-12953,0
2018-01-23 17:04:13,0.001,12790000,19.0,12771,1
2018-01-23 17:10:07,0.0009985,12880000,1.5e-06,-12880,0
2018-01-23 17:12:33,0.001,12917000,19.0,12898,1
2018-01-23 17:17:40,0.0009985,13008000,1.5e-06,-13008,0
2018-01-23 17:18:21,0.001,12990000,19.0,12971,1
2018-01-23 18:09:40,0.0009985,13014000,1.5e-06,-13014,0
2018-01-23 18:40:44,0.001,12913000,19.0,12894,1
2018-01-23 18:56:32,0.0009985,12869000,1.5e-06,-12869,0
2018-01-23 18:57:12,0.001,12856000,19.0,12837,1
2018-01-23 19:24:03,0.0009985,12840000,1.5e-06,-12840,0
2018-01-23 19:24:49,0.001,12798000,19.0,12779,1
2018-01-23 19:26:07,0.0009985,12830000,1.5e-06,-12830,0
2018-01-23 19:39:38,0.001,12805000,19.0,12786,1
2018-01-23 19:44:05,0.0009985,12819000,1.5e-06,-12819,0
2018-01-23 19:47:59,0.001,12875000,19.0,12856,1
2018-01-23 19:57:59,0.0009985,12739000,1.5e-06,-12739,0
2018-01-23 20:10:10,0.001,12849000,19.0,12830,1
2018-01-23 20:29:24,0.0009985,12669000,1.5e-06,-12669,0
2018-01-23 20:49:31,0.001,12306000,18.0,12288,1
2018-01-23 20:59:10,0.0009985,12449000,1.5e-06,-12449,0
2018-01-23 21:13:52,0.001,12533000,19.0,12514,1
2018-01-23 21:19:57,0.0009985,12434000,1.5e-06,-12434,0
2018-01-23 21:24:54,0.001,12502000,19.0,12483,1
2018-01-23 21:28:32,0.0009985,12623000,1.5e-06,-12623,0
2018-01-23 21:39:20,0.001,12642000,19.0,12623,1
2018-01-23 21:41:32,0.0009985,12587000,1.5e-06,-12587,0
2018-01-23 21:58:43,0.001,12550000,19.0,12531,1
2018-01-23 22:13:26,0.0009985,12500000,1.5e-06,-12500,0
2018-01-23 22:33:53,0.001,12534000,19.0,12515,1
2018-01-23 22:43:37,0.0009985,12587000,1.5e-06,-12587,0
2018-01-23 23:17:06,0.001,12679000,19.0,12660,1
2018-01-23 23:44:41,0.0009985,12700000,1.5e-06,-12700,0
2018-01-24 00:23:59,0.001,12997000,19.0,12978,1
2018-01-24 00:26:44,0.0009985,12963000,1.5e-06,-12963,0
2018-01-24 01:32:15,0.001,13476000,20.0,13456,1
2018-01-24 02:13:16,0.0009985,13403000,1.5e-06,-13403,0
2018-01-24 02:21:58,0.001,13361000,20.0,13341,1
2018-01-24 02:32:17,0.0009985,13411000,1.5e-06,-13411,0
2018-01-24 02:33:36,0.001,13408000,20.0,13388,1
2018-01-24 03:30:54,0.0009985,13369000,1.5e-06,-13369,0
2018-01-24 03:37:24,0.001,13381000,20.0,13361,1
2018-01-24 03:41:07,0.0009985,13393000,1.5e-06,-13393,0
2018-01-24 03:42:18,0.001,13455000,20.0,13435,1
2018-01-24 04:55:57,0.0009985,13290000,1.5e-06,-13290,0
2018-01-24 05:12:54,0.001,13201000,20.0,13181,1
2018-01-24 05:13:38,0.0009985,13180000,1.5e-06,-13180,0
2018-01-24 05:16:00,0.001,13197000,20.0,13177,1
2018-01-24 05:20:10,0.0009985,13211000,1.5e-06,-13211,0
2018-01-24 05:55:20,0.0009985,13387000,1.5e-06,-13387,0
2018-01-24 06:11:43,0.0019,13318000,38.0,25266,1
2018-01-24 06:16:30,0.0009985,13310000,1.5e-06,-13310,0
2018-01-24 06:23:52,0.001,13326000,20.0,13306,1
2018-01-24 06:24:38,0.0009985,13329000,1.5e-06,-13329,0
2018-01-24 06:36:21,0.001,13402000,20.0,13382,1
2018-01-24 07:00:46,0.0009985,13410000,1.5e-06,-13410,0
2018-01-24 08:16:14,0.001,13260000,20.0,13240,1
2018-01-24 09:13:50,0.0009985,12911000,1.5e-06,-12911,0
2018-01-24 09:36:36,0.001,12851000,19.0,12832,1
2018-01-24 09:37:37,0.0009985,12800000,1.5e-06,-12800,0
2018-01-24 10:34:06,0.001,12930000,19.0,12911,1
2018-01-24 10:45:48,0.0009985,12850000,1.5e-06,-12850,0
2018-01-24 10:51:46,0.001,12790000,19.0,12771,1
2018-01-24 10:53:18,0.0009985,12769000,1.5e-06,-12769,0
2018-01-24 12:31:48,0.001,12819000,19.0,12800,1
2018-01-24 12:37:16,0.0009985,12835000,1.5e-06,-12835,0
2018-01-24 13:27:12,0.001,12682000,19.0,12663,1
2018-01-24 13:34:51,0.0009985,12644000,1.5e-06,-12644,0
2018-01-24 13:49:19,0.001,12619000,19.0,12600,1
2018-01-24 13:51:16,0.0009985,12590000,1.5e-06,-12590,0
2018-01-24 13:58:35,0.001,12639000,19.0,12620,1
2018-01-24 14:00:06,0.0009985,12620000,1.5e-06,-12620,0
2018-01-24 15:56:08,0.001,12839000,19.0,12820,1
2018-01-24 16:12:19,0.0009985,13014000,1.5e-06,-13014,0
2018-01-24 16:12:46,0.001,13013000,20.0,12993,1
2018-01-24 16:23:11,0.0009985,12932000,1.5e-06,-12932,0
2018-01-24 16:45:47,0.001,12799000,19.0,12780,1
2018-01-24 17:48:43,0.0009985,12834000,1.5e-06,-12834,0
2018-01-24 18:03:05,0.001,12797000,19.0,12778,1
2018-01-24 18:32:48,0.0009985,12762000,1.5e-06,-12762,0
2018-01-24 18:33:59,0.001,12749000,19.0,12730,1
2018-01-24 18:36:16,0.0009985,12770000,1.5e-06,-12770,0
2018-01-24 18:39:41,0.001,12780000,19.0,12761,1
2018-01-24 21:29:42,0.0009985,13296000,1.5e-06,-13296,0
2018-01-24 21:42:04,0.001,13359000,20.0,13339,1
2018-01-24 21:50:11,0.0009985,13486000,1.5e-06,-13486,0
2018-01-24 22:05:17,0.001,13242000,20.0,13222,1
2018-01-24 22:09:15,0.0009985,13267000,1.5e-06,-13267,0
2018-01-24 22:12:33,0.001,13301000,20.0,13281,1
2018-01-24 22:15:51,0.0009985,13300000,1.5e-06,-13300,0
2018-01-24 22:33:14,0.001,13252000,20.0,13232,1
2018-01-24 22:37:23,0.0009985,13187000,1.5e-06,-13187,0
2018-01-24 22:38:34,0.001,13231000,20.0,13211,1
2018-01-24 23:01:45,0.0009985,13279000,1.5e-06,-13279,0
2018-01-24 23:10:29,0.001,13482000,20.0,13462,1
2018-01-24 23:12:16,0.0009985,13500000,1.5e-06,-13500,0
2018-01-24 23:12:39,0.001,13521000,20.0,13501,1
2018-01-24 23:13:06,0.0009985,13499000,1.5e-06,-13499,0
2018-01-24 23:18:47,0.001,13606000,20.0,13586,1
2018-01-24 23:21:13,0.0009985,13520000,1.5e-06,-13520,0
2018-01-24 23:21:44,0.001,13499000,20.0,13479,1
2018-01-24 23:23:33,0.0009985,13500000,1.5e-06,-13500,0
2018-01-24 23:25:11,0.001,13508000,20.0,13488,1
2018-01-24 23:26:05,0.0009985,13499000,1.5e-06,-13499,0
2018-01-24 23:29:49,0.001,13640000,20.0,13620,1
2018-01-24 23:32:11,0.0009985,13515000,1.5e-06,-13515,0
2018-01-24 23:32:54,0.001,13497000,20.0,13477,1
2018-01-24 23:35:48,0.0009985,13444000,1.5e-06,-13444,0
2018-01-24 23:36:06,0.001,13459000,20.0,13439,1
2018-01-24 23:47:27,0.0009985,13446000,1.5e-06,-13446,0
2018-01-24 23:47:57,0.001,13445000,20.0,13425,1
2018-01-24 23:50:02,0.0009985,13360000,1.5e-06,-13360,0
2018-01-24 23:50:32,0.001,13367000,20.0,13347,1
2018-01-24 23:51:55,0.0009985,13315000,1.5e-06,-13315,0
2018-01-24 23:52:40,0.001,13300000,20.0,13280,1
2018-01-24 23:55:38,0.0009985,13278000,1.5e-06,-13278,0
2018-01-24 23:57:19,0.001,13361000,20.0,13341,1
2018-01-24 23:58:29,0.00049925,13301000,7.5e-07,-6651,0
2018-01-24 23:58:30,0.00049925,13301000,7.5e-07,-6651,0
2018-01-25 00:05:29,0.001,13273000,20.0,13253,1
2018-01-25 00:16:39,0.0009985,13161000,1.5e-06,-13161,0
2018-01-25 00:17:02,0.001,13184000,20.0,13164,1
2018-01-25 00:18:04,0.0009985,13197000,1.5e-06,-13197,0
2018-01-25 00:21:57,0.001,13189000,20.0,13169,1
2018-01-25 00:23:02,0.0009985,13201000,1.5e-06,-13201,0
2018-01-25 00:26:31,0.001,13270000,20.0,13250,1
2018-01-25 00:30:18,0.0009985,13302000,1.5e-06,-13302,0
2018-01-25 00:46:16,0.001,13305000,20.0,13285,1
2018-01-25 00:54:38,0.0009985,13249000,1.5e-06,-13249,0
2018-01-25 00:59:41,0.001,13190000,20.0,13170,1
2018-01-25 01:03:33,0.0009985,13180000,1.5e-06,-13180,0
2018-01-25 01:05:59,0.001,13159000,20.0,13139,1
2018-01-25 01:07:28,0.0009985,13179000,1.5e-06,-13179,0
2018-01-25 01:08:22,0.001,13160000,20.0,13140,1
2018-01-25 01:09:02,0.0009985,13140000,1.5e-06,-13140,0
2018-01-25 01:14:09,0.001,13138000,20.0,13118,1
2018-01-25 01:17:23,0.0009985,13089000,1.5e-06,-13089,0
2018-01-25 01:24:26,0.001,13080000,20.0,13060,1
2018-01-25 01:26:00,0.0009985,13026000,1.5e-06,-13026,0
2018-01-25 01:45:20,0.001,13147000,20.0,13127,1
2018-01-25 01:52:46,0.0009985,13120000,1.5e-06,-13120,0
2018-01-25 01:57:40,0.001,13164000,20.0,13144,1
2018-01-25 02:06:04,0.0009985,13098000,1.5e-06,-13098,0
2018-01-25 02:13:42,0.001,13043000,20.0,13023,1
2018-01-25 02:16:14,0.0009985,13043000,1.5e-06,-13043,0
2018-01-25 02:28:38,0.001,13062000,20.0,13042,1
2018-01-25 02:32:39,0.0009985,13064000,1.5e-06,-13064,0
2018-01-25 02:42:06,0.001,13099000,20.0,13079,1
2018-01-25 02:50:39,0.0009985,13111000,1.5e-06,-13111,0
2018-01-25 03:00:01,0.001,13149000,20.0,13129,1
2018-01-25 03:07:34,0.0009985,13204000,1.5e-06,-13204,0
2018-01-25 03:08:55,0.001,13207000,20.0,13187,1
2018-01-25 03:12:23,0.0009985,13154000,1.5e-06,-13154,0
2018-01-25 03:32:04,0.001,13181000,20.0,13161,1
2018-01-25 03:34:54,0.0009985,13153000,1.5e-06,-13153,0
2018-01-25 03:55:07,0.001,13176000,20.0,13156,1
2018-01-25 03:57:04,0.0009985,13126000,1.5e-06,-13126,0
2018-01-25 03:59:02,0.001,13118000,20.0,13098,1
2018-01-25 03:59:30,0.0009985,13130000,1.5e-06,-13130,0
2018-01-25 04:26:38,0.001,13244000,20.0,13224,1
2018-01-25 04:42:07,0.0009985,13265000,1.5e-06,-13265,0
2018-01-25 04:53:54,0.001,13341000,20.0,13321,1
2018-01-25 04:54:27,0.0009985,13330000,1.5e-06,-13330,0
2018-01-25 04:58:37,0.001,13420000,20.0,13400,1
2018-01-25 05:01:21,0.0009985,13400000,1.5e-06,-13400,0
2018-01-25 05:01:50,0.001,13377000,20.0,13357,1
2018-01-25 05:07:18,0.0009985,13382000,1.5e-06,-13382,0
2018-01-25 05:14:29,0.001,13351000,20.0,13331,1
2018-01-25 05:26:56,0.0009985,13314000,1.5e-06,-13314,0
2018-01-25 05:34:18,0.001,13318000,20.0,13298,1
2018-01-25 05:35:36,0.0009985,13319000,1.5e-06,-13319,0
2018-01-25 05:43:47,0.001,13319000,20.0,13299,1
2018-01-25 06:02:23,0.0009985,13302000,1.5e-06,-13302,0
2018-01-25 06:11:16,0.001,13325000,20.0,13305,1
2018-01-25 06:13:01,0.0009985,13320000,1.5e-06,-13320,0
2018-01-25 06:27:26,0.001,13438000,20.0,13418,1
2018-01-25 06:37:08,0.0009985,13380000,1.5e-06,-13380,0
2018-01-25 06:46:35,0.001,13349000,20.0,13329,1
2018-01-25 07:01:12,0.0009985,13320000,1.5e-06,-13320,0
2018-01-25 07:01:47,0.001,13310000,20.0,13290,1
2018-01-25 07:04:32,0.0009985,13306000,1.5e-06,-13306,0
2018-01-25 07:14:57,0.001,13259000,20.0,13239,1
2018-01-25 07:15:27,0.0009985,13264000,1.5e-06,-13264,0
2018-01-25 07:17:51,0.0009985,13214000,1.5e-06,-13214,0
2018-01-25 07:21:04,0.0019,13250000,38.0,25137,1
2018-01-25 07:39:07,0.0009985,13151000,1.5e-06,-13151,0
2018-01-25 07:53:34,0.001,13231000,20.0,13211,1
2018-01-25 07:53:56,0.0009985,13161000,1.5e-06,-13161,0
2018-01-25 07:56:15,0.001,13351000,20.0,13331,1
2018-01-25 07:56:35,0.0009985,13237000,1.5e-06,-13237,0
2018-01-25 08:04:31,0.001,13291000,20.0,13271,1
2018-01-25 08:05:29,0.0009985,13286000,1.5e-06,-13286,0
2018-01-25 08:10:56,0.001,13289000,20.0,13269,1
2018-01-25 08:11:18,0.0009985,13291000,1.5e-06,-13291,0
2018-01-25 08:13:15,0.001,13267000,20.0,13247,1
2018-01-25 08:17:15,0.0009985,13237000,1.5e-06,-13237,0
2018-01-25 08:32:57,0.001,13330000,20.0,13310,1
2018-01-25 08:40:18,0.0009985,13311000,1.5e-06,-13311,0
2018-01-25 08:40:40,0.001,13366000,20.0,13346,1
2018-01-25 08:42:17,0.0009985,13325000,1.5e-06,-13325,0
2018-01-25 08:43:04,0.001,13364000,20.0,13344,1
2018-01-25 08:44:06,0.0009985,13310000,1.5e-06,-13310,0
2018-01-25 08:52:31,0.001,13369000,20.0,13349,1
2018-01-25 08:53:05,0.0009985,13359000,1.5e-06,-13359,0
2018-01-25 08:55:33,0.001,13435000,20.0,13415,1
2018-01-25 09:05:17,0.0009985,13334000,1.5e-06,-13334,0
2018-01-25 09:07:40,0.001,13370000,20.0,13350,1
2018-01-25 09:09:54,0.0009985,13328000,1.5e-06,-13328,0
2018-01-25 09:12:05,0.001,13335000,20.0,13315,1
2018-01-25 09:14:18,0.0009985,13327000,1.5e-06,-13327,0
2018-01-25 09:24:42,0.001,13410000,20.0,13390,1
2018-01-25 09:35:02,0.0009985,13337000,1.5e-06,-13337,0
2018-01-25 09:47:14,0.001,13344000,20.0,13324,1
2018-01-25 09:48:40,0.0009985,13339000,1.5e-06,-13339,0
2018-01-25 10:03:16,0.001,13314000,20.0,13294,1
2018-01-25 10:09:07,0.0009985,13318000,1.5e-06,-13318,0
2018-01-25 10:20:53,0.001,13350000,20.0,13330,1
2018-01-25 10:21:42,0.0009985,13322000,1.5e-06,-13322,0
2018-01-25 10:38:55,0.001,13440000,20.0,13420,1
2018-01-25 10:55:00,0.0009985,13360000,1.5e-06,-13360,0
2018-01-25 11:24:08,0.001,13530000,20.0,13510,1
2018-01-25 11:30:45,0.0009985,13599000,1.5e-06,-13599,0
2018-01-25 11:37:44,0.001,13697000,21.0,13676,1
2018-01-25 11:39:15,0.0009985,13751000,1.5e-06,-13751,0
2018-01-25 11:41:50,0.001,13700000,21.0,13679,1
2018-01-25 11:43:31,0.0009985,13700000,1.5e-06,-13700,0
2018-01-25 11:44:39,1.843e-05,13780000,1.0,253,1
2018-01-25 11:45:05,0.001,13785000,21.0,13764,1
2018-01-25 11:45:48,0.0009985,13813000,1.5e-06,-13813,0
2018-01-25 11:49:23,0.001,13837000,21.0,13816,1
2018-01-25 11:54:38,0.0009985,13720000,1.5e-06,-13720,0
2018-01-25 11:56:33,0.001,13713000,21.0,13692,1
2018-01-25 12:00:39,0.0009985,13630000,1.5e-06,-13630,0
2018-01-25 12:02:33,0.001,13624000,20.0,13604,1
2018-01-25 12:12:40,0.0009985,13499000,1.5e-06,-13499,0
2018-01-25 12:30:04,0.001,13646000,20.0,13626,1
2018-01-25 12:30:40,0.0009985,13650000,1.5e-06,-13650,0
2018-01-25 12:31:11,0.001,13668000,21.0,13647,1
2018-01-25 12:42:34,0.0009985,13661000,1.5e-06,-13661,0
2018-01-25 12:51:29,0.001,13687000,21.0,13666,1
2018-01-25 12:52:25,0.0009985,13650000,1.5e-06,-13650,0
2018-01-25 12:53:37,0.001,13680000,21.0,13659,1
2018-01-25 13:01:44,0.0009985,13634000,1.5e-06,-13634,0
2018-01-25 13:03:58,0.001,13659000,20.0,13639,1
2018-01-25 13:10:18,0.0009985,13600000,1.5e-06,-13600,0
2018-01-25 13:20:26,0.001,13659000,20.0,13639,1
2018-01-25 13:23:45,0.0009985,13610000,1.5e-06,-13610,0
2018-01-25 13:37:50,0.001,13520000,20.0,13500,1
2018-01-25 13:43:11,0.0009985,13527000,1.5e-06,-13527,0
2018-01-25 13:45:09,0.001,13520000,20.0,13500,1
2018-01-25 13:53:19,0.0009985,13511000,1.5e-06,-13511,0
2018-01-25 13:56:29,0.001,13511000,20.0,13491,1
2018-01-25 13:57:59,0.0009985,13520000,1.5e-06,-13520,0
2018-01-25 13:59:21,0.001,13518000,20.0,13498,1
2018-01-25 14:03:27,0.0009985,13525000,1.5e-06,-13525,0
2018-01-25 14:05:24,0.001,13528000,20.0,13508,1
2018-01-25 14:59:51,0.0009985,13516000,1.5e-06,-13516,0
2018-01-25 15:04:08,0.001,13533000,20.0,13513,1
2018-01-25 15:07:08,0.0009985,13525000,1.5e-06,-13525,0
2018-01-25 15:15:05,0.001,13581000,20.0,13561,1
2018-01-25 15:19:53,0.0009985,13603000,1.5e-06,-13603,0
2018-01-25 15:20:20,0.001,13610000,20.0,13590,1
2018-01-25 15:22:03,0.0009985,13591000,1.5e-06,-13591,0
2018-01-25 15:22:44,0.0002,13606000,4.0,2717,1
2018-01-25 15:23:26,0.0009985,13590000,1.5e-06,-13590,0
2018-01-25 15:38:43,0.0018,13516000,36.0,24293,1
2018-01-25 15:47:49,0.0009985,13441000,1.5e-06,-13441,0
2018-01-25 15:51:09,0.001,13398000,20.0,13378,1
2018-01-25 15:56:53,0.0009985,13334000,1.5e-06,-13334,0
2018-01-25 15:59:15,0.001,13310000,20.0,13290,1
2018-01-25 16:00:21,0.0009985,13256000,1.5e-06,-13256,0
2018-01-25 16:13:07,0.001,13354000,20.0,13334,1
2018-01-25 16:27:27,0.0009985,13091000,1.5e-06,-13091,0
2018-01-25 16:38:30,0.001,13238000,20.0,13218,1
2018-01-25 16:38:53,0.0009985,13198000,1.5e-06,-13198,0
2018-01-25 16:40:38,0.001,13234000,20.0,13214,1
2018-01-25 16:44:52,0.0009985,13215000,1.5e-06,-13215,0
2018-01-25 16:50:17,0.0006,13252000,12.0,7939,1
2018-01-25 16:52:31,0.0009985,13271000,1.5e-06,-13271,0
2018-01-25 17:08:25,0.0001,13180000,2.0,1316,1
2018-01-25 17:09:11,0.0013,13140000,26.0,17056,1
2018-01-25 17:10:36,0.0009985,13122000,1.5e-06,-13122,0
2018-01-25 17:15:30,0.001,13070000,20.0,13050,1
2018-01-25 17:21:05,0.0009985,13011000,1.5e-06,-13011,0
2018-01-25 17:22:29,0.001,13068000,20.0,13048,1
2018-01-25 17:24:34,0.0009985,13012000,1.5e-06,-13012,0
2018-01-25 17:28:34,0.001,13002000,20.0,12982,1
2018-01-25 17:29:44,0.0009985,12965000,1.5e-06,-12965,0
2018-01-25 17:30:38,0.001,13051000,20.0,13031,1
2018-01-25 17:33:30,0.0009985,13010000,1.5e-06,-13010,0
2018-01-25 17:35:24,0.001,12999000,19.0,12980,1
2018-01-25 17:37:51,0.0009985,12962000,1.5e-06,-12962,0
2018-01-25 17:39:28,0.0009985,12960000,1.5e-06,-12960,0
2018-01-25 17:39:56,0.0019,12999000,37.0,24661,1
2018-01-25 17:44:22,0.0009985,12944000,1.5e-06,-12944,0
2018-01-25 17:48:20,0.001,12980000,19.0,12961,1
2018-01-25 17:49:52,0.0009985,12959000,1.5e-06,-12959,0
2018-01-25 17:51:26,0.001,12991000,19.0,12972,1
2018-01-25 17:54:04,0.0009985,13003000,1.5e-06,-13003,0
2018-01-25 18:09:20,0.001,12948000,19.0,12929,1
2018-01-25 18:11:24,0.0009985,12900000,1.5e-06,-12900,0
2018-01-25 18:23:22,0.001,12974000,19.0,12955,1
2018-01-25 18:29:30,0.0009985,12990000,1.5e-06,-12990,0
2018-01-25 18:32:29,0.001,13063000,20.0,13043,1
2018-01-25 18:33:38,0.0009985,13074000,1.5e-06,-13074,0
2018-01-25 18:36:08,0.001,13092000,20.0,13072,1
2018-01-25 18:38:52,0.0009985,13006000,1.5e-06,-13006,0
2018-01-25 18:40:24,0.001,13029000,20.0,13009,1
2018-01-25 18:41:59,0.0009985,13008000,1.5e-06,-13008,0
2018-01-25 18:51:24,0.001,13088000,20.0,13068,1
2018-01-25 18:59:46,0.0009985,13100000,1.5e-06,-13100,0
2018-01-25 19:07:47,0.001,13116000,20.0,13096,1
2018-01-25 19:15:17,0.0009985,13102000,1.5e-06,-13102,0
2018-01-25 19:17:21,0.001,13164000,20.0,13144,1
2018-01-25 19:36:41,0.0009985,13103000,1.5e-06,-13103,0
2018-01-25 19:46:12,0.001,13058000,20.0,13038,1
2018-01-25 19:48:45,0.0009985,13001000,1.5e-06,-13001,0
2018-01-25 20:14:02,0.001,13053000,20.0,13033,1
2018-01-25 20:16:40,0.0009985,13021000,1.5e-06,-13021,0
2018-01-25 20:46:33,0.001,12999000,19.0,12980,1
2018-01-25 20:53:26,0.0009985,12940000,1.5e-06,-12940,0
2018-01-25 21:02:51,0.001,12906000,19.0,12887,1
2018-01-25 21:07:08,0.0009985,12838000,1.5e-06,-12838,0
2018-01-25 21:07:47,0.0007,12877000,14.0,9000,1
2018-01-25 21:10:18,0.0009985,12900000,1.5e-06,-12900,0
2018-01-25 21:15:42,0.0013,12872000,25.0,16709,1
2018-01-25 21:19:25,0.0009985,12884000,1.5e-06,-12884,0
2018-01-25 21:23:20,0.001,12983000,19.0,12964,1
2018-01-25 21:25:11,0.0009985,12941000,1.5e-06,-12941,0
2018-01-25 21:25:39,0.001,12941000,19.0,12922,1
2018-01-25 21:26:27,0.0009985,12934000,1.5e-06,-12934,0
2018-01-25 21:27:56,0.001,12942000,19.0,12923,1
2018-01-25 21:30:17,0.0009985,12911000,1.5e-06,-12911,0
2018-01-25 21:43:37,0.001,12904000,19.0,12885,1
2018-01-25 21:44:45,0.0009985,12861000,1.5e-06,-12861,0
2018-01-25 21:47:46,0.001,12849000,19.0,12830,1
2018-01-31 13:54:04,0.0009985,11137000,1.5e-06,-11137,0
2018-01-31 13:59:03,0.001,11105000,17.0,11088,1
2018-01-31 14:01:10,0.0009985,11125000,1.5e-06,-11125,0
2018-01-31 14:01:32,0.001,11105000,17.0,11088,1
